Operator,SSE,Mission,Seg,Flight_segment,Type_segment,FLAP,Altitude,TAS,Time,Distance,Pressure,THRUST,Mass,ZFW,PL,FW,1g,Vertical maneuver,Vertical gust,Turn,Frontal gust,n0,Giro,Xcg(%CMA),Op-Mission,q,gamma,Mission_type
OpS,2110017,E1,7,C-1500,FLT-1,10,750,137.0,1.0,2.9,0.41,16.31,17305,15400,500,1905,43.992,17.426,0.5197,6.276,,1.92,0.67,,OpS-E1,2976.266912367769,4.865686239349106,Training
OpS,2110017,E1,8,CRUISE,FLT-2,0,1500,198.0,9.1,30.0,0.69,7.83,17305,15400,500,1905,56.458,19.692,0.7994,6.102,,1.85,0.881,,OpS-E1,6080.727602333004,0.0,Training
OpS,2110017,E1,9,APPROACH,FLT-3,15,750,119.0,1.0,6.6,0.41,0.43,17305,15400,500,1905,40.002,14.142,0.3896,4.727,3.235,1.96,0.824,,OpS-E1,2245.560005649741,0.0,Training
OpS,2110017,E1,10,F/APPRO.,FLT-3,23,25,108.0,1.0,2.0,0.13,-0.26,17305,15400,500,1905,40.0,14.142,0.3896,4.727,3.235,1.96,0.824,,OpS-E1,1889.367452436192,0.0,Training
OpS,2110017,F1,9,C-1500,FLT-1,10,750,147.0,1.0,2.9,0.41,15.05,20549,18900,4000,1649,54.718,21.11,0.6058,7.365,,1.82,0.864,,OpS-F1,3426.615787167942,4.865686239349106,Ferry
OpS,2110017,F1,10,C-9000,FLT-1,0,5000,167.0,9.2,24.3,1.93,13.26,20549,18900,4000,1649,54.728,21.11,0.6058,7.365,,1.82,0.864,,OpS-F1,3895.471219273183,3.101386385356629,Ferry
OpS,2110017,F1,11,C-17000,FLT-1,0,13000,178.0,19.2,57.4,0.42,10.01,20549,18900,4000,1649,56.161,20.787,0.5787,6.987,,1.92,0.849,,OpS-F1,3447.96749090737,1.3140096589469,Ferry
OpS,2110017,F1,12,CRUISE,FLT-2,0,17000,219.0,24.6,89.7,5.06,7.32,20549,18900,4000,1649,61.399,22.502,0.6869,7.162,,1.89,0.951,,OpS-F1,4580.660372453546,0.0,Ferry
OpS,2110017,F1,13,D-9000,FLT-3,0,13000,251.0,3.6,15.2,0.42,-0.15,19919,18900,4000,1019,68.125,23.972,0.9005,7.351,,1.8,1.293,,OpS-F1,6855.996714261306,-4.950628551011955,Ferry
OpS,2110017,F1,14,D-1500,FLT-3,0,5000,223.0,3.6,13.3,1.93,-0.15,19919,18900,4000,1019,68.19,23.936,0.9281,7.338,,1.76,1.324,,OpS-F1,6946.032065087888,-4.950628551011955,Ferry
OpS,2110017,F1,15,APPROACH,FLT-3,15,750,125.0,1.0,6.6,0.41,0.43,19919,18900,4000,1019,47.823,16.736,0.4437,5.617,3.722,1.88,0.896,,OpS-F1,2477.71167913828,0.0,Ferry
OpS,2110017,F1,16,F/APPRO.,FLT-3,23,25,114.0,1.0,2.0,0.13,-0.26,19919,18900,4000,1019,47.821,16.736,0.4437,5.617,3.722,1.88,0.896,,OpS-F1,2105.128550399585,0.0,Ferry
OpS,2110017,F2,9,C-1500,FLT-1,10,750,147.0,1.0,2.9,0.41,14.97,20836,18900,4000,1936,55.348,21.293,0.6078,7.43,,1.82,0.878,,OpS-F2,3426.615787167942,4.865686239349106,Ferry
OpS,2110017,F2,10,C-9000,FLT-1,0,5000,158.0,9.5,25.3,1.93,13.21,20836,18900,4000,1936,55.359,21.293,0.6078,7.43,,1.82,0.878,,OpS-F2,3486.913963137285,2.979027280043944,Ferry
OpS,2110017,F2,11,C-17000,FLT-1,0,13000,179.0,20.5,61.9,0.42,9.97,20836,18900,4000,1936,56.966,21.059,0.5867,7.073,,1.91,0.867,,OpS-F2,3486.817522287685,1.218513845605981,Ferry
OpS,2110017,F2,12,CRUISE,FLT-2,0,17000,219.0,56.3,204.9,5.06,7.34,20836,18900,4000,1936,62.066,22.748,0.6879,7.248,,1.89,0.962,,OpS-F2,4580.660372453546,0.0,Ferry
OpS,2110017,F2,13,CRUISE,FLT-2,0,17000,221.0,48.9,179.9,5.06,7.27,19919,18900,4000,1019,60.234,22.048,0.6961,6.989,,1.87,0.943,,OpS-F2,4664.707434186187,0.0,Ferry
OpS,2110017,F2,14,D-9000,FLT-3,0,13000,251.0,3.6,14.9,0.42,-0.15,19919,18900,4000,1019,68.125,23.972,0.9005,7.351,,1.8,1.293,,OpS-F2,6855.996714261306,-5.049795295951077,Ferry
OpS,2110017,F2,15,D-1500,FLT-3,0,5000,223.0,3.5,13.1,1.93,-0.15,19919,18900,4000,1019,68.19,23.936,0.9281,7.338,,1.76,1.324,,OpS-F2,6946.032065087888,-5.025826448066909,Ferry
OpS,2110017,F2,16,APPROACH,FLT-3,15,750,123.0,1.0,6.6,0.41,0.43,19919,18900,4000,1019,47.823,16.736,0.4437,5.617,3.722,1.88,0.896,,OpS-F2,2399.059199595715,0.0,Ferry
OpS,2110017,F2,17,F/APPRO.,FLT-3,23,25,112.0,1.0,2.0,0.13,-0.26,19919,18900,4000,1019,47.821,16.736,0.4437,5.617,3.722,1.88,0.896,,OpS-F2,2031.912321961556,0.0,Ferry
OpS,2110017,F3,9,C-1500,FLT-1,10,750,153.0,1.0,2.9,0.41,14.71,21886,17400,2500,4486,52.962,19.496,0.609,6.721,,1.95,0.789,,OpS-F3,3712.048172604673,4.865686239349106,Ferry
OpS,2110017,F3,10,C-9000,FLT-1,0,5000,163.0,11.1,30.7,1.93,12.97,21886,17400,2500,4486,52.972,19.496,0.609,6.721,,1.95,0.789,,OpS-F3,3711.096662658008,2.455738794991092,Ferry
OpS,2110017,F3,11,C-16000,FLT-1,0,13000,184.0,22.1,67.7,0.42,9.96,21886,17400,2500,4486,53.877,19.172,0.5778,6.42,,2.04,0.818,,OpS-F3,3684.33238770862,0.8356576596816966,Ferry
OpS,2110017,F3,12,CRUISE,FLT-2,0,16000,219.0,57.9,207.2,4.89,7.64,21886,17400,2500,4486,58.445,20.713,0.6659,6.616,,2.01,0.712,,OpS-F3,4734.375667749857,0.0,Ferry
OpS,2110017,F3,13,CRUISE,FLT-2,0,16000,221.0,62.4,22.7,4.89,7.55,21061,17400,2500,3661,59.687,21.452,0.683,6.814,,1.96,0.725,,OpS-F3,4821.243134808925,0.0,Ferry
OpS,2110017,F3,14,C-18000,FLT-1,0,17000,184.0,8.8,27.8,5.06,8.55,20438,17400,2500,3038,53.841,19.447,0.5336,6.549,,2.0,0.794,,OpS-F3,3233.519684113911,0.6783620111460572,Ferry
OpS,2110017,F3,15,CRUISE,FLT-2,0,18000,216.0,72.3,260.1,5.23,7.19,20438,17400,2500,3038,58.643,21.335,0.6386,6.83,,1.95,0.815,,OpS-F3,4310.232540178681,0.0,Ferry
OpS,2110017,F3,16,CRUISE,FLT-2,0,18000,220.0,53.5,203.1,5.23,0.71,19672,17400,2500,2272,58.256,21.254,0.6549,6.755,,1.93,0.871,,OpS-F3,4471.348914280011,0.0,Ferry
OpS,2110017,F3,17,C-20000,FLT-1,0,19000,189.0,8.7,27.3,0.54,8.05,19150,17400,2500,1750,51.778,18.863,0.5216,6.297,,2.01,0.745,,OpS-F3,3191.217001264772,0.6907850306875835,Ferry
OpS,2110017,F3,18,CRUISE,FLT-2,0,20000,216.0,57.8,208.1,5.58,6.77,19150,17400,2500,1750,55.519,20.264,0.6047,6.492,,1.97,0.789,,OpS-F3,4029.620498393995,0.0,Ferry
OpS,2110017,F3,19,CRUISE,FLT-2,0,20000,220.0,57.2,209.1,5.58,0.67,18561,17400,2500,1161,54.721,19.954,0.6209,6.351,,1.95,0.799,,OpS-F3,4180.247602071961,0.0,Ferry
OpS,2110017,F3,20,D-10000,FLT-3,0,15000,259.0,4.1,17.8,4.66,-0.11,18561,17400,2500,1161,63.736,22.09,0.8687,6.76,,1.83,1.204,,OpS-F3,6842.240271917314,-5.282549771462143,Ferry
OpS,2110017,F3,21,D-1500,FLT-3,0,5000,223.0,3.8,1.4,1.93,-0.15,18561,17400,2500,1161,63.874,22.106,0.8981,6.77,,1.79,1.222,,OpS-F3,6946.032065087888,-39.45076512029578,Ferry
OpS,2110017,F3,22,APPROACH,FLT-3,15,750,119.0,1.0,6.6,0.41,0.43,18561,17400,2500,1161,43.366,14.723,0.4006,4.993,3.504,1.92,0.816,,OpS-F3,2245.560005649741,0.0,Ferry
OpS,2110017,F3,23,F/APPRO.,FLT-3,23,25,108.0,1.0,2.0,0.13,-0.26,18561,17400,2500,1161,43.364,14.723,0.4006,4.993,3.504,1.92,0.816,,OpS-F3,1889.367452436192,0.0,Ferry
OpS,2110017,ISR1,9,C-1500,FLT-1,10,750,141.0,1.0,2.9,0.41,15.44,18905,16000,500,2905,48.434,18.767,0.5508,6.645,,1.9,0.753,,OpS-ISR1,3152.600697148682,4.865686239349106,SAR/ISR
OpS,2110017,ISR1,10,C-7500,FLT-1,0,3500,147.0,6.2,15.5,1.43,13.95,18905,16000,500,2905,48.441,18.767,0.5508,6.645,,1.9,0.753,,OpS-ISR1,3157.898846002939,4.855272473122656,SAR/ISR
OpS,2110017,ISR1,11,C-15000,FLT-1,0,11500,166.0,12.6,3.5,3.84,0.11,18905,16000,500,2905,49.545,18.402,0.5267,6.284,,1.98,0.754,,OpS-ISR1,3145.975118830917,18.21935653487407,SAR/ISR
OpS,2110017,ISR1,12,CRUISE,FLT-2,0,15000,216.0,39.3,141.5,4.66,7.81,18905,16000,500,2905,56.495,20.481,0.6769,6.482,,1.92,0.84,,OpS-ISR1,4758.896887741302,0.0,SAR/ISR
OpS,2110017,ISR1,13,D-10000,FLT-3,0,12000,248.0,1.9,8.0,3.98,-0.11,18254,16000,500,2254,62.7,21.605,0.8588,6.618,,1.86,1.197,,OpS-ISR1,6910.824024131356,-4.70423706762331,SAR/ISR
OpS,2110017,ISR1,14,CRUISE,FLT-4,0,10000,159.0,59.1,157.1,3.43,6.81,18254,16000,500,2254,48.846,17.62,0.5147,5.873,,1.97,0.764,,OpS-ISR1,3026.33836832495,0.0,SAR/ISR
OpS,2110017,ISR1,15,CRUISE,FLT-4,0,10000,153.6,60.9,159.7,3.43,6.63,17761,16000,500,1761,46.894,16.822,0.4927,5.653,,1.99,0.729,,OpS-ISR1,2824.266447939393,0.0,SAR/ISR
OpS,2110017,ISR1,16,C-21000,FLT-1,0,15000,168.0,22.7,65.5,4.66,9.72,17761,16000,500,1761,46.502,17.139,0.4877,5.86,,2.02,0.72,,OpS-ISR1,2878.838858016343,1.727050353691876,SAR/ISR
OpS,2110017,ISR1,17,CRUISE,FLT-2,0,21000,211.0,30.1,105.9,5.58,6.73,17044,16000,500,1044,49.06,17.872,0.5577,5.734,,2.0,0.662,,OpS-ISR1,3716.447543094846,0.0,SAR/ISR
OpS,2110017,ISR1,18,D-1500,FLT-3,0,12000,248.0,0.7,28.5,3.98,-1.47,17044,16000,500,1044,59.489,20.269,0.8419,6.206,,1.87,1.147,,OpS-ISR1,6910.824024131356,-6.91441704510307,SAR/ISR
OpS,2110017,ISR1,19,APPROACH,FLT-3,15,750,116.0,1.0,6.6,0.41,0.43,17044,16000,500,1044,39.206,13.299,0.3726,4.51,3.244,1.95,0.753,,OpS-ISR1,2133.765654687021,0.0,SAR/ISR
OpS,2110017,ISR1,20,F/APPRO.,FLT-3,23,25,104.0,1.0,2.0,0.13,-0.26,17044,16000,500,1044,39.204,13.299,0.3726,4.51,3.244,1.95,0.753,,OpS-ISR1,1752.00603271175,0.0,SAR/ISR
OpCA,2110017,AE1,10,C- 2500,FLT-1,0,2000,201.0,0.96,3.2,,14.01,21332,17229,1678,4103,62.157,22.416,0.8235,7.293,,1.9,1.656,21.21,OpCA-AE1,6174.271488289391,2.944178588411708,Ferry
OpCA,2110017,AE1,11,C- 3500,FLT-1,0,3000,204.0,0.99,3.4,,13.78,21332,17229,1678,4103,62.168,22.416,0.8235,7.293,,1.9,1.656,21.21,OpCA-AE1,6173.383950006531,2.771270008151053,Ferry
OpCA,2110017,AE1,12,C- 4500,FLT-1,0,4000,207.0,1.02,3.5,,13.56,21332,17229,1678,4103,62.179,22.416,0.8235,7.293,,1.9,1.656,21.21,OpCA-AE1,6168.532998968165,2.692209067106798,Ferry
OpCA,2110017,AE1,13,C- 5500,FLT-1,0,5000,210.0,1.05,3.6,,13.24,21332,17229,1678,4103,62.188,22.416,0.8235,7.293,,1.9,1.656,21.21,OpCA-AE1,6159.786323279694,2.617530973646755,Ferry
OpCA,2110017,AE1,14,C- 6500,FLT-1,0,6000,213.0,1.13,4.0,,12.82,21332,17229,1678,4103,62.198,22.416,0.8235,7.293,,1.9,1.656,21.21,OpCA-AE1,6147.215084794404,2.356089210663774,Ferry
OpCA,2110017,AE1,15,C- 7500,FLT-1,0,7000,216.0,1.22,4.4,,12.39,21332,17229,1678,4103,62.207,22.416,0.8235,7.293,,1.9,1.656,21.21,OpCA-AE1,6130.893721250923,2.142108780228034,Ferry
OpCA,2110017,AE1,16,C- 8500,FLT-1,0,8000,219.0,1.33,4.9,,11.97,21332,17229,1678,4103,62.216,22.416,0.8235,7.293,,1.9,1.656,21.21,OpCA-AE1,6110.899752016461,1.923699801603786,Ferry
OpCA,2110017,AE1,17,C- 9500,FLT-1,0,9000,222.0,1.48,5.5,,11.57,21332,17229,1678,4103,62.699,22.303,0.7975,7.151,,1.95,1.7,21.21,OpCA-AE1,6087.313587424709,1.7139744727977,Ferry
OpCA,2110017,AE1,18,C-10500,FLT-1,0,10000,226.0,1.63,6.1,,11.21,21332,17229,1678,4103,62.707,22.303,0.7975,7.151,,1.95,1.7,21.21,OpCA-AE1,6114.206657195726,1.545473037117963,Ferry
OpCA,2110017,AE1,19,C-11500,FLT-1,0,11000,229.0,1.82,6.9,,10.88,21332,17229,1678,4103,62.715,22.303,0.7975,7.151,,1.95,1.7,21.21,OpCA-AE1,6082.707743078108,1.366360136337752,Ferry
OpCA,2110017,AE1,20,C-12500,FLT-1,0,12000,233.0,2.02,7.9,,10.56,21332,17229,1678,4103,62.723,22.303,0.7975,7.151,,1.95,1.7,21.21,OpCA-AE1,6100.119105197501,1.193456803913967,Ferry
OpCA,2110017,AE1,21,C-13500,FLT-1,0,13000,236.0,2.31,9.1,,10.23,21332,17229,1678,4103,62.73,22.303,0.7975,7.151,,1.95,1.7,21.21,OpCA-AE1,6061.040189798538,1.036114797503781,Ferry
OpCA,2110017,AE1,22,C-14500,FLT-1,0,14000,240.0,2.67,10.7,,9.92,21332,17229,1678,4103,62.737,22.303,0.7975,7.151,,1.95,1.7,21.21,OpCA-AE1,6069.276888929508,0.881208321990745,Ferry
OpCA,2110017,AE1,23,C-15000,FLT-1,0,14750,243.0,1.51,6.1,,9.77,21332,17229,1678,4103,62.742,22.303,0.7975,7.151,,1.95,1.7,21.21,OpCA-AE1,6072.26026638291,0.7728771000175035,Ferry
OpCA,2110017,AE1,24,CRUISE,FLT-2,0,15000,264.0,10.62,46.7,,9.22,21332,17229,1678,4103,66.024,22.863,0.8643,7.167,,1.94,1.713,21.21,OpCA-AE1,7108.9694248975,0.0,Ferry
OpCA,2110017,AE1,25,CRUISE,FLT-2,0,15000,264.0,10.62,46.8,,9.21,21332,17229,1678,4103,66.024,22.863,0.8643,7.167,,1.94,1.713,21.21,OpCA-AE1,7108.9694248975,0.0,Ferry
OpCA,2110017,AE1,26,CRUISE,FLT-2,0,15000,265.0,10.62,46.8,,9.2,20582,17229,1678,3353,66.879,23.382,0.8846,7.308,,1.89,1.738,20.68,OpCA-AE1,7162.927253550089,0.0,Ferry
OpCA,2110017,AE1,27,CRUISE,FLT-2,0,15000,265.0,10.62,46.8,,9.2,20582,17229,1678,3353,66.879,23.382,0.8846,7.308,,1.89,1.738,20.68,OpCA-AE1,7162.927253550089,0.0,Ferry
OpCA,2110017,AE1,28,CRUISE,FLT-2,0,15000,265.0,9.09,40.2,,9.19,20582,17229,1678,3353,66.879,23.382,0.8846,7.308,,1.89,1.738,20.68,OpCA-AE1,7162.927253550089,0.0,Ferry
OpCA,2110017,AE1,29,D-14000,FLT-3,0,14500,302.0,1.03,5.1,,7.96,20582,17229,1678,3353,73.054,24.253,1.0721,7.463,,1.85,2.008,20.68,OpCA-AE1,9455.488944602528,-1.848313986854076,Ferry
OpCA,2110017,AE1,30,D-13000,FLT-3,0,13500,297.0,1.13,5.7,,8.24,20582,17229,1678,3353,73.047,24.253,1.0721,7.463,,1.85,2.008,20.68,OpCA-AE1,9445.935658211241,-1.653869024822685,Ferry
OpCA,2110017,AE1,31,D-12000,FLT-3,0,12500,293.0,1.25,6.1,,8.52,20582,17229,1678,3353,73.04,24.253,1.0721,7.463,,1.85,2.008,20.68,OpCA-AE1,9493.429480391347,-1.545473037117959,Ferry
OpCA,2110017,AE1,32,D-11000,FLT-3,0,11500,288.0,1.39,6.6,,8.81,20582,17229,1678,3353,73.033,24.253,1.0721,7.463,,1.85,2.008,20.68,OpCA-AE1,9469.43534098968,-1.428442242077394,Ferry
OpCA,2110017,AE1,33,D-10000,FLT-3,0,10500,284.0,1.56,7.4,,9.11,20582,17229,1678,3353,73.025,24.253,1.0721,7.463,,1.85,2.008,20.68,OpCA-AE1,9504.384090530946,-1.274070038043911,Ferry
OpCA,2110017,AE1,34,D- 9000,FLT-3,0,9500,280.0,1.67,7.8,,9.1,20582,17229,1678,3353,73.017,24.253,1.0721,7.463,,1.85,2.008,20.68,OpCA-AE1,9533.448953183735,-1.208753021344817,Ferry
OpCA,2110017,AE1,35,D- 8000,FLT-3,0,8500,276.0,1.66,7.6,,9.08,20582,17229,1678,3353,73.308,24.471,1.092,7.53,,1.82,2.098,20.68,OpCA-AE1,9556.498856183009,-1.240552498287568,Ferry
OpCA,2110017,AE1,36,D- 7000,FLT-3,0,7500,272.0,1.67,7.6,,9.06,20582,17229,1678,3353,73.299,24.471,1.092,7.53,,1.82,2.098,20.68,OpCA-AE1,9573.40777281227,-1.240552498287568,Ferry
OpCA,2110017,AE1,37,D- 6000,FLT-3,0,6500,268.0,1.67,7.4,,9.04,20582,17229,1678,3353,73.289,24.471,1.092,7.53,,1.82,2.098,20.68,OpCA-AE1,9584.055055272092,-1.274070038043909,Ferry
OpCA,2110017,AE1,38,D- 5000,FLT-3,0,5500,264.0,1.66,7.4,,9.03,20582,17229,1678,3353,73.28,24.471,1.092,7.53,,1.82,2.098,20.68,OpCA-AE1,9588.325773913386,-1.274070038043911,Ferry
OpCA,2110017,AE1,39,D- 4000,FLT-3,0,4500,260.0,1.67,7.2,,9.01,20582,17229,1678,3353,73.27,24.471,1.092,7.53,,1.82,2.098,20.68,OpCA-AE1,9586.111062855593,-1.309448716725871,Ferry
OpCA,2110017,AE1,40,D- 3000,FLT-3,0,3500,256.0,1.67,7.1,,8.99,20582,17229,1678,3353,73.26,24.471,1.092,7.53,,1.82,2.098,20.68,OpCA-AE1,9577.308472009287,-1.327885098823715,Ferry
OpCA,2110017,AE1,41,D- 2000,FLT-3,0,2500,253.0,1.66,7.0,,8.96,20582,17229,1678,3353,73.249,24.471,1.092,7.53,,1.82,2.098,20.68,OpCA-AE1,9637.860374691129,-1.346847947736697,Ferry
OpCA,2110017,AE1,42,D- 1500,FLT-3,0,1750,250.0,0.84,3.5,,8.95,20582,17229,1678,3353,73.241,24.471,1.092,7.53,,1.82,2.098,20.68,OpCA-AE1,9622.594890654986,-1.346847947736696,Ferry
OpCA,2110017,AE1,43,APPROACH,FLT-3,15,750,122.0,1.5,5.0,,4.68,20582,17229,1678,3353,46.192,17.331,0.4568,5.792,3.437,1.99,1.722,20.68,OpCA-AE1,2360.208680466827,0.0,Ferry
OpCA,2110017,AE1,44,F/APPRO.,FLT-3,23,25,113.0,0.5,0.2,,-3.25,20582,17229,1678,3353,46.201,15.213,0.4208,5.233,3.626,1.99,1.606,20.68,OpCA-AE1,2068.358453374292,0.0,Ferry
OpCA,2110017,AE1,9,C- 1500,FLT-1,0,750,147.0,1.0,2.5,,21.28,21332,17229,1678,4103,50.515,19.459,0.5749,7.33,,1.99,1.377,21.21,OpCA-AE1,3426.615787167942,5.639520585950486,Ferry
OpCA,2110017,LT1,10,C- 2500,FLT-1,0,2000,137.0,0.54,1.2,,18.46,18268,15184,680,3084,44.921,17.013,0.4878,6.277,,2.04,1.24,20.91,OpCA-LT1,2868.367158330328,7.809339501322955,Ferry
OpCA,2110017,LT1,11,C- 3500,FLT-1,0,3000,139.0,0.56,1.3,,17.99,18268,15184,680,3084,44.932,17.013,0.4878,6.277,,2.04,1.24,20.91,OpCA-LT1,2866.108018504329,7.215210799943844,Ferry
OpCA,2110017,LT1,12,C- 4500,FLT-1,0,4000,141.0,0.57,1.3,,17.55,18268,15184,680,3084,44.943,17.013,0.4878,6.277,,2.04,1.24,20.91,OpCA-LT1,2862.064565158722,7.215210799943852,Ferry
OpCA,2110017,LT1,13,C- 5500,FLT-1,0,5000,143.0,0.58,1.4,,17.06,18268,15184,680,3084,44.953,17.013,0.4878,6.277,,2.04,1.24,20.91,OpCA-LT1,2856.269172896745,6.704708200069721,Ferry
OpCA,2110017,LT1,14,C- 6500,FLT-1,0,6000,145.0,0.61,1.5,,16.52,18268,15184,680,3084,44.962,17.013,0.4878,6.277,,2.04,1.24,20.91,OpCA-LT1,2848.755695690942,6.261402966994311,Ferry
OpCA,2110017,LT1,15,C- 7500,FLT-1,0,7000,148.0,0.63,1.5,,15.99,18268,15184,680,3084,44.971,17.013,0.4878,6.277,,2.04,1.24,20.91,OpCA-LT1,2878.324247048187,6.261402966994321,Ferry
OpCA,2110017,LT1,16,C- 8500,FLT-1,0,8000,150.0,0.65,1.6,,15.46,18268,15184,680,3084,44.981,17.013,0.4878,6.277,,2.04,1.24,20.91,OpCA-LT1,2866.813544762837,5.872890681248982,Ferry
OpCA,2110017,LT1,17,C- 9500,FLT-1,0,9000,152.0,0.68,1.7,,14.94,18268,15184,680,3084,44.989,17.013,0.4878,6.277,,2.04,1.24,20.91,OpCA-LT1,2853.690713494449,5.529633896008854,Ferry
OpCA,2110017,LT1,18,C-10500,FLT-1,0,10000,154.0,0.71,1.9,,14.46,18268,15184,680,3084,44.997,17.013,0.4878,6.277,,2.04,1.24,20.91,OpCA-LT1,2838.995322305072,4.95062855101196,Ferry
OpCA,2110017,LT1,19,C-11500,FLT-1,0,11000,157.0,0.74,1.9,,14.02,18268,15184,680,3084,45.349,16.783,0.4798,6.1,,2.08,1.265,20.91,OpCA-LT1,2859.073304458959,4.95062855101196,Ferry
OpCA,2110017,LT1,20,C-12500,FLT-1,0,12000,159.0,0.77,2.0,,13.6,18268,15184,680,3084,45.357,16.783,0.4798,6.1,,2.08,1.265,20.91,OpCA-LT1,2840.669584971137,4.704237067623295,Ferry
OpCA,2110017,LT1,21,C-13500,FLT-1,0,13000,162.0,0.8,2.2,,13.19,18268,15184,680,3084,45.364,16.783,0.4798,6.1,,2.08,1.265,20.91,OpCA-LT1,2855.967012731126,4.278245866885845,Ferry
OpCA,2110017,LT1,22,C-14500,FLT-1,0,14000,164.0,0.83,2.3,,12.79,18268,15184,680,3084,45.371,16.783,0.4798,6.1,,2.08,1.265,20.91,OpCA-LT1,2834.015125080694,4.092881607032408,Ferry
OpCA,2110017,LT1,23,C-15500,FLT-1,0,15000,167.0,0.87,2.4,,12.33,18268,15184,680,3084,45.378,16.783,0.4798,6.1,,2.08,1.265,20.91,OpCA-LT1,2844.668966525574,3.922888847379492,Ferry
OpCA,2110017,LT1,24,C-16500,FLT-1,0,16000,170.0,0.94,2.6,,11.81,18268,15184,680,3084,45.385,16.783,0.4798,6.1,,2.08,1.265,20.91,OpCA-LT1,2852.806588644334,3.621964763266247,Ferry
OpCA,2110017,LT1,25,C-17500,FLT-1,0,17000,172.0,1.01,2.9,,11.31,18268,15184,680,3084,45.39,16.783,0.4798,6.1,,2.08,1.265,20.91,OpCA-LT1,2825.509402611825,3.248127125559181,Ferry
OpCA,2110017,LT1,26,C-18500,FLT-1,0,18000,175.0,1.09,3.2,,10.81,18268,15184,680,3084,45.395,16.783,0.4798,6.1,,2.08,1.265,20.91,OpCA-LT1,2829.236787186473,2.944178588411701,Ferry
OpCA,2110017,LT1,27,C-19500,FLT-1,0,19000,178.0,1.19,3.5,,10.31,18268,15184,680,3084,45.4,16.783,0.4798,6.1,,2.08,1.265,20.91,OpCA-LT1,2830.562399374962,2.692209067106789,Ferry
OpCA,2110017,LT1,28,C-20500,FLT-1,0,20000,181.0,1.32,4.0,,9.86,18268,15184,680,3084,46.654,16.185,0.4487,5.623,,2.19,1.173,20.91,OpCA-LT1,2829.526687840485,2.356089210663785,Ferry
OpCA,2110017,LT1,29,C-21500,FLT-1,0,21000,184.0,1.46,4.5,,9.44,18268,15184,680,3084,46.654,16.185,0.4487,5.623,,2.19,1.173,20.91,OpCA-LT1,2826.17299743984,2.094549243186013,Ferry
OpCA,2110017,LT1,30,C-22500,FLT-1,0,22000,187.0,1.62,5.1,,9.02,18268,15184,680,3084,46.654,16.185,0.4487,5.623,,2.19,1.173,20.91,OpCA-LT1,2820.547394706237,1.848313986854065,Ferry
OpCA,2110017,LT1,31,C-23500,FLT-1,0,23000,190.0,1.85,5.8,,8.6,18268,15184,680,3084,46.654,16.185,0.4487,5.623,,2.19,1.173,20.91,OpCA-LT1,2812.698496842109,1.625369471446294,Ferry
OpCA,2110017,LT1,32,C-24500,FLT-1,0,24000,194.0,2.14,6.9,,8.19,18268,15184,680,3084,46.654,16.185,0.4487,5.623,,2.19,1.173,20.91,OpCA-LT1,2831.795834015565,1.366360136337748,Ferry
OpCA,2110017,LT1,33,C-25500,FLT-1,0,25000,197.0,2.54,8.4,,7.82,18268,15184,680,3084,46.654,16.185,0.4487,5.623,,2.19,1.173,20.91,OpCA-LT1,2819.084543995275,1.122436457343552,Ferry
OpCA,2110017,LT1,34,C-26000,FLT-1,0,25750,200.0,1.46,4.8,,7.65,18268,15184,680,3084,46.654,16.185,0.4487,5.623,,2.19,1.173,20.91,OpCA-LT1,2829.371754442329,0.9821613463048392,Ferry
OpCA,2110017,LT1,35,CRUISE,FLT-2,0,26000,232.0,14.92,57.8,,6.16,18268,15184,680,3084,51.191,18.105,0.5386,5.909,,2.12,1.35,20.91,OpCA-LT1,3773.474049728689,0.0,Ferry
OpCA,2110017,LT1,36,CRUISE,FLT-2,0,26000,232.0,15.0,58.1,,6.13,18268,15184,680,3084,51.191,18.105,0.5386,5.909,,2.12,1.35,20.91,OpCA-LT1,3773.474049728689,0.0,Ferry
OpCA,2110017,LT1,37,CRUISE,FLT-2,0,26000,232.0,15.1,58.4,,6.1,18268,15184,680,3084,51.191,18.105,0.5386,5.909,,2.12,1.35,20.91,OpCA-LT1,3773.474049728689,0.0,Ferry
OpCA,2110017,LT1,38,CRUISE,FLT-2,0,26000,232.0,15.18,58.6,,6.06,17583,15184,680,2399,50.308,17.909,0.5336,5.82,,2.13,1.375,20.44,OpCA-LT1,3773.474049728689,0.0,Ferry
OpCA,2110017,LT1,39,CRUISE,FLT-2,0,26000,231.0,15.27,59.0,,6.03,17583,15184,680,2399,50.308,17.909,0.5336,5.82,,2.13,1.375,20.44,OpCA-LT1,3741.014208672202,0.0,Ferry
OpCA,2110017,LT1,40,CRUISE,FLT-2,0,26000,231.0,15.37,59.1,,5.99,17583,15184,680,2399,50.308,17.909,0.5336,5.82,,2.13,1.375,20.44,OpCA-LT1,3741.014208672202,0.0,Ferry
OpCA,2110017,LT1,41,CRUISE,FLT-2,0,26000,231.0,7.13,27.5,,5.98,17583,15184,680,2399,50.308,17.909,0.5336,5.82,,2.13,1.375,20.44,OpCA-LT1,3741.014208672202,0.0,Ferry
OpCA,2110017,LT1,42,D-25000,FLT-3,0,25500,296.0,0.4,2.0,,-0.18,17583,15184,680,2399,58.935,20.274,0.773,6.257,,1.96,1.784,20.44,OpCA-LT1,6252.734744482145,-4.704237067623324,Ferry
OpCA,2110017,LT1,43,D-24000,FLT-3,0,24500,291.0,0.4,1.9,,-0.18,17583,15184,680,2399,58.935,20.274,0.773,6.257,,1.96,1.784,20.44,OpCA-LT1,6260.641519075557,-4.950628551011944,Ferry
OpCA,2110017,LT1,44,D-23000,FLT-3,0,23500,286.0,0.4,1.9,,-0.16,17583,15184,680,2399,58.935,20.274,0.773,6.257,,1.96,1.784,20.44,OpCA-LT1,6263.034915144602,-4.950628551011944,Ferry
OpCA,2110017,LT1,45,D-22000,FLT-3,0,22500,282.0,0.41,1.9,,-0.14,17583,15184,680,2399,58.935,20.274,0.773,6.257,,1.96,1.784,20.44,OpCA-LT1,6304.441024929991,-4.950628551011944,Ferry
OpCA,2110017,LT1,46,D-21000,FLT-3,0,21500,277.0,0.42,1.9,,-0.11,17583,15184,680,2399,58.935,20.274,0.773,6.257,,1.96,1.784,20.44,OpCA-LT1,6296.239230109132,-4.950628551011974,Ferry
OpCA,2110017,LT1,47,D-20000,FLT-3,0,20500,273.0,0.42,2.0,,-0.09,17583,15184,680,2399,58.935,20.274,0.773,6.257,,1.96,1.784,20.44,OpCA-LT1,6328.488062322356,-4.704237067623324,Ferry
OpCA,2110017,LT1,48,D-19000,FLT-3,0,19500,268.0,0.43,1.9,,-0.07,17583,15184,680,2399,58.932,20.274,0.773,6.257,,1.96,1.784,20.44,OpCA-LT1,6309.266049042501,-4.950628551011944,Ferry
OpCA,2110017,LT1,49,D-18000,FLT-3,0,18500,264.0,0.43,1.9,,-0.06,17583,15184,680,2399,58.927,20.274,0.773,6.257,,1.96,1.784,20.44,OpCA-LT1,6331.916152929224,-4.950628551011944,Ferry
OpCA,2110017,LT1,50,D-17000,FLT-3,0,17500,260.0,0.44,1.9,,-0.05,17583,15184,680,2399,58.922,20.274,0.773,6.257,,1.96,1.784,20.44,OpCA-LT1,6350.052873530161,-4.950628551011944,Ferry
OpCA,2110017,LT1,51,D-16000,FLT-3,0,16500,256.0,0.45,1.9,,-0.03,17583,15184,680,2399,58.917,20.274,0.773,6.257,,1.96,1.784,20.44,OpCA-LT1,6363.572576482793,-4.950628551011944,Ferry
OpCA,2110017,LT1,52,D-15000,FLT-3,0,15500,252.0,0.45,1.8,,-0.02,17583,15184,680,2399,58.911,20.274,0.773,6.257,,1.96,1.784,20.44,OpCA-LT1,6372.376160980006,-5.224181354502656,Ferry
OpCA,2110017,LT1,53,D-14000,FLT-3,0,14500,248.0,0.46,1.9,,0.0,17583,15184,680,2399,58.904,20.274,0.773,6.257,,1.96,1.784,20.44,OpCA-LT1,6376.36937029992,-4.950628551011974,Ferry
OpCA,2110017,LT1,54,D-13000,FLT-3,0,13500,244.0,0.46,1.9,,0.02,17583,15184,680,2399,58.897,20.274,0.773,6.257,,1.96,1.784,20.44,OpCA-LT1,6375.463108608696,-4.95062855101196,Ferry
OpCA,2110017,LT1,55,D-12000,FLT-3,0,12500,241.0,0.47,1.9,,0.03,17583,15184,680,2399,58.96,20.235,0.8037,6.243,,1.91,1.842,20.44,OpCA-LT1,6422.764128302134,-4.950628551011944,Ferry
OpCA,2110017,LT1,56,D-11000,FLT-3,0,11500,237.0,0.48,1.9,,0.01,17583,15184,680,2399,58.952,20.235,0.8037,6.243,,1.91,1.842,20.44,OpCA-LT1,6412.624344956228,-4.95062855101196,Ferry
OpCA,2110017,LT1,57,D-10000,FLT-3,0,10500,233.0,0.48,1.8,,0.0,17583,15184,680,2399,58.944,20.235,0.8037,6.243,,1.91,1.842,20.44,OpCA-LT1,6397.335695928814,-5.22418135450264,Ferry
OpCA,2110017,LT1,58,D- 9000,FLT-3,0,9500,230.0,0.48,1.9,,-0.03,17583,15184,680,2399,58.936,20.235,0.8037,6.243,,1.91,1.842,20.44,OpCA-LT1,6432.646041115047,-4.95062855101196,Ferry
OpCA,2110017,LT1,59,D- 8000,FLT-3,0,8500,226.0,0.49,1.8,,-0.06,17583,15184,680,2399,58.928,20.235,0.8037,6.243,,1.91,1.842,20.44,OpCA-LT1,6407.63147944764,-5.22418135450264,Ferry
OpCA,2110017,LT1,60,D- 7000,FLT-3,0,7500,223.0,0.5,1.9,,-0.09,17583,15184,680,2399,58.919,20.235,0.8037,6.243,,1.91,1.842,20.44,OpCA-LT1,6434.85071277819,-4.95062855101196,Ferry
OpCA,2110017,LT1,61,D- 6000,FLT-3,0,6500,220.0,0.5,1.8,,-0.15,17583,15184,680,2399,58.91,20.235,0.8037,6.243,,1.91,1.842,20.44,OpCA-LT1,6458.401992024523,-5.224181354502632,Ferry
OpCA,2110017,LT1,62,D- 5000,FLT-3,0,5500,217.0,0.5,1.8,,-0.24,17583,15184,680,2399,58.9,20.235,0.8037,6.243,,1.91,1.842,20.44,OpCA-LT1,6478.200648068861,-5.22418135450264,Ferry
OpCA,2110017,LT1,63,D- 4000,FLT-3,0,4500,213.0,0.5,1.7,,-0.36,17583,15184,680,2399,58.891,20.235,0.8037,6.243,,1.91,1.842,20.44,OpCA-LT1,6433.613503116796,-5.529633896008854,Ferry
OpCA,2110017,LT1,64,D- 3000,FLT-3,0,3500,210.0,0.49,1.8,,-0.49,17583,15184,680,2399,58.88,20.235,0.8037,6.243,,1.91,1.842,20.44,OpCA-LT1,6444.69152245498,-5.224181354502632,Ferry
OpCA,2110017,LT1,65,D- 2000,FLT-3,0,2500,207.0,0.5,1.7,,-0.63,17583,15184,680,2399,58.869,20.235,0.8037,6.243,,1.91,1.842,20.44,OpCA-LT1,6451.790829338689,-5.529633896008852,Ferry
OpCA,2110017,LT1,66,D- 1500,FLT-3,0,1750,205.0,0.25,0.8,,-0.71,17583,15184,680,2399,58.861,20.235,0.8037,6.243,,1.91,1.842,20.44,OpCA-LT1,6470.232804476414,-5.872890681248974,Ferry
OpCA,2110017,LT1,67,APPROACH,FLT-3,15,750,112.0,1.5,5.0,,5.17,17583,15184,680,2399,39.235,14.725,0.3957,4.959,3.048,2.01,1.508,20.44,OpCA-LT1,1989.146579399078,0.0,Ferry
OpCA,2110017,LT1,68,F/APPRO.,FLT-3,23,25,104.0,0.5,0.2,,-2.91,17583,15184,680,2399,39.554,12.858,0.3646,4.439,3.279,2.01,1.413,20.44,OpCA-LT1,1752.00603271175,0.0,Ferry
OpCA,2110017,LT1,9,C- 1500,FLT-1,0,750,135.0,1.0,2.5,,22.5,18268,15184,680,3084,43.262,17.804,0.5028,7.027,,1.98,1.16,20.91,OpCA-LT1,2890.00290254689,5.639520585950486,Ferry
OpCA,2110017,PT1,10,C- 2500,FLT-1,0,2000,133.0,0.5,1.1,,18.82,17219,15244,272,1975,42.084,16.801,0.4807,6.482,,1.97,1.124,16.43,OpCA-PT1,2703.316461383407,8.509309814271294,Training
OpCA,2110017,PT1,11,C- 3000,FLT-1,0,2750,134.0,0.25,0.6,,18.58,17219,15244,272,1975,42.092,16.801,0.4807,6.482,,1.97,1.124,16.43,OpCA-PT1,2683.574795926388,7.809339501322961,Training
OpCA,2110017,PT1,12,CRUISE,FLT-2,0,3000,198.0,11.26,37.1,,7.51,17219,15244,272,1975,55.514,19.642,0.7624,6.169,,1.9,1.587,16.43,OpCA-PT1,5815.584015187814,0.0,Training
OpCA,2110017,PT1,13,D- 2000,FLT-3,0,2500,207.0,0.5,1.7,,-0.63,17219,15244,272,1975,58.297,20.008,0.8135,6.174,,1.89,1.839,16.43,OpCA-PT1,6451.790829338689,-5.529633896008852,Training
OpCA,2110017,PT1,14,D- 1500,FLT-3,0,1750,205.0,0.24,0.8,,-0.71,17219,15244,272,1975,58.289,20.008,0.8135,6.174,,1.89,1.839,16.43,OpCA-PT1,6470.232804476414,-5.872890681248974,Training
OpCA,2110017,PT1,15,APPROACH,FLT-3,15,850,112.0,1.3,5.0,,5.17,17219,15244,272,1975,38.819,14.662,0.3976,4.927,3.03,1.99,1.438,16.43,OpCA-PT1,1983.30234185665,0.0,Training
OpCA,2110017,PT1,16,C- 1500,FLT-1,0,850,132.0,0.9,2.5,,22.82,17219,15244,272,1975,41.048,17.374,0.4837,7.013,,1.96,1.04,16.43,OpCA-PT1,2754.867666175883,4.891510987636478,Training
OpCA,2110017,PT1,17,C- 2500,FLT-1,0,2000,132.0,0.49,1.1,,18.91,17219,15244,272,1975,42.084,16.801,0.4807,6.482,,1.97,1.124,16.43,OpCA-PT1,2662.817910743654,8.509309814271294,Training
OpCA,2110017,PT1,18,C- 3000,FLT-1,0,2750,133.0,0.25,0.5,,18.67,17219,15244,272,1975,42.092,16.801,0.4807,6.482,,1.97,1.124,16.43,OpCA-PT1,2643.670893581081,9.345892012609909,Training
OpCA,2110017,PT1,19,CRUISE,FLT-2,0,3000,197.0,11.33,37.3,,7.48,17219,15244,272,1975,55.514,19.642,0.7624,6.169,,1.9,1.587,16.43,OpCA-PT1,5756.989083905311,0.0,Training
OpCA,2110017,PT1,20,D- 2000,FLT-3,0,2500,207.0,0.49,1.7,,-0.63,17219,15244,272,1975,58.297,20.008,0.8135,6.174,,1.89,1.839,16.43,OpCA-PT1,6451.790829338689,-5.529633896008852,Training
OpCA,2110017,PT1,21,D- 1500,FLT-3,0,1750,205.0,0.25,0.8,,-0.71,17219,15244,272,1975,58.289,20.008,0.8135,6.174,,1.89,1.839,16.43,OpCA-PT1,6470.232804476414,-5.872890681248974,Training
OpCA,2110017,PT1,22,APPROACH,FLT-3,15,850,112.0,1.3,5.0,,5.17,17219,15244,272,1975,38.819,14.662,0.3976,4.927,3.03,1.99,1.438,16.43,OpCA-PT1,1983.30234185665,0.0,Training
OpCA,2110017,PT1,23,C- 1500,FLT-1,0,850,131.0,0.9,2.5,,22.93,16700,15244,272,1456,39.924,17.057,0.4797,6.906,,1.96,1.019,15.95,OpCA-PT1,2713.285354639826,4.891510987636478,Training
OpCA,2110017,PT1,24,C- 2500,FLT-1,0,2000,131.0,0.49,1.0,,19.0,16700,15244,272,1456,40.568,16.333,0.4677,6.359,,1.97,1.074,15.95,OpCA-PT1,2622.625009542691,9.345892012609903,Training
OpCA,2110017,PT1,25,C- 3000,FLT-1,0,2750,132.0,0.24,0.6,,18.76,16700,15244,272,1456,40.576,16.333,0.4677,6.359,,1.97,1.074,15.95,OpCA-PT1,2604.065896871319,7.809339501322961,Training
OpCA,2110017,PT1,26,CRUISE,FLT-2,0,3000,197.0,11.35,37.3,,7.46,16700,15244,272,1456,54.613,19.184,0.7744,6.01,,1.89,1.571,15.95,OpCA-PT1,5756.989083905311,0.0,Training
OpCA,2110017,PT1,27,D- 2000,FLT-3,0,2500,207.0,0.49,1.7,,-0.63,16700,15244,272,1456,56.917,19.455,0.8064,6.0,,1.89,1.803,15.95,OpCA-PT1,6451.790829338689,-5.529633896008852,Training
OpCA,2110017,PT1,28,D- 1500,FLT-3,0,1750,205.0,0.24,0.8,,-0.71,16700,15244,272,1456,56.909,19.455,0.8064,6.0,,1.89,1.803,15.95,OpCA-PT1,6470.232804476414,-5.872890681248974,Training
OpCA,2110017,PT1,29,APPROACH,FLT-3,15,850,111.0,1.3,5.0,,5.22,16700,15244,272,1456,37.583,14.299,0.3886,4.797,2.963,2.0,1.434,15.95,OpCA-PT1,1948.044336257636,0.0,Training
OpCA,2110017,PT1,30,C- 1500,FLT-1,0,850,130.0,0.9,2.5,,23.04,16700,15244,272,1456,39.924,17.057,0.4797,6.906,,1.96,1.019,15.95,OpCA-PT1,2672.01925840062,4.891510987636478,Training
OpCA,2110017,PT1,31,C- 2500,FLT-1,0,2000,131.0,0.48,1.0,,19.0,16700,15244,272,1456,40.568,16.333,0.4677,6.359,,1.97,1.074,15.95,OpCA-PT1,2622.625009542691,9.345892012609903,Training
OpCA,2110017,PT1,32,C- 3000,FLT-1,0,2750,132.0,0.24,0.6,,18.76,16700,15244,272,1456,40.576,16.333,0.4677,6.359,,1.97,1.074,15.95,OpCA-PT1,2604.065896871319,7.809339501322961,Training
OpCA,2110017,PT1,33,CRUISE,FLT-2,0,3000,197.0,11.3,37.2,,7.44,16700,15244,272,1456,54.613,19.184,0.7744,6.01,,1.89,1.571,15.95,OpCA-PT1,5756.989083905311,0.0,Training
OpCA,2110017,PT1,34,D- 2000,FLT-3,0,2500,207.0,0.48,1.7,,-0.63,16700,15244,272,1456,56.917,19.455,0.8064,6.0,,1.89,1.803,15.95,OpCA-PT1,6451.790829338689,-5.529633896008852,Training
OpCA,2110017,PT1,35,D- 1500,FLT-3,0,1750,205.0,0.24,0.8,,-0.71,16700,15244,272,1456,56.909,19.455,0.8064,6.0,,1.89,1.803,15.95,OpCA-PT1,6470.232804476414,-5.872890681248974,Training
OpCA,2110017,PT1,36,APPROACH,FLT-3,15,850,111.0,1.3,5.0,,5.22,16700,15244,272,1456,37.583,14.299,0.3886,4.797,2.963,2.0,1.434,15.95,OpCA-PT1,1948.044336257636,0.0,Training
OpCA,2110017,PT1,37,C- 1000,FLT-1,0,600,128.0,0.5,2.5,,23.25,16700,15244,272,1456,39.921,17.057,0.4797,6.906,,1.96,1.019,15.95,OpCA-PT1,2609.551187575269,3.014710054060945,Training
OpCA,2110017,PT1,38,CRUISE,FLT-2,0,1000,195.0,5.0,16.3,,7.63,16700,15244,272,1456,54.59,19.184,0.7744,6.01,,1.89,1.571,15.95,OpCA-PT1,5985.544309909243,0.0,Training
OpCA,2110017,PT1,39,APPROACH,FLT-3,15,500,110.0,1.0,5.0,,5.27,16700,15244,272,1456,37.579,14.299,0.3886,4.797,2.963,2.0,1.434,15.95,OpCA-PT1,1932.88897513238,0.0,Training
OpCA,2110017,PT1,40,F/APPRO.,FLT-3,23,25,101.0,0.5,0.2,,-2.8,16700,15244,272,1456,37.676,12.079,0.3496,4.195,3.237,2.01,1.267,15.95,OpCA-PT1,1652.386606850274,0.0,Training
OpCA,2110017,PT1,9,C- 1500,FLT-1,0,750,131.0,1.0,2.5,,22.93,17219,15244,272,1975,41.047,17.374,0.4837,7.013,,1.96,1.04,16.43,OpCA-PT1,2721.280648044291,5.639520585950486,Training
OpCA,2110017,PT2,10,APPROACH,FLT-3,15,500,108.0,1.0,5.0,,5.37,16087,15244,272,843,35.971,13.664,0.3746,4.602,2.902,2.01,1.36,15.35,OpCA-PT2,1863.241074871411,0.0,Training
OpCA,2110017,PT2,11,F/APPRO.,FLT-3,23,25,101.0,0.5,0.2,,-2.8,16087,15244,272,843,36.439,12.031,0.3466,4.135,3.128,2.03,1.276,15.35,OpCA-PT2,1652.386606850274,0.0,Training
OpCA,2110017,PT2,8,C- 1000,FLT-1,0,500,126.0,0.7,2.5,,23.47,16087,15244,272,843,37.66,16.383,0.4557,6.802,,1.99,0.936,15.35,OpCA-PT2,2536.078129686088,3.766434321437896,Training
OpCA,2110017,PT2,9,CRUISE,FLT-2,0,1000,192.0,5.0,16.0,,7.39,16087,15244,272,843,52.553,18.437,0.7493,5.775,,1.91,1.513,15.35,OpCA-PT2,5802.790412636274,0.0,Training
OpCA,2110017,SAR1,10,C- 2500,FLT-1,0,2000,201.0,0.94,3.1,,14.01,20976,16957,1678,4019,61.452,22.159,0.8195,7.206,,1.9,1.638,21.05,OpCA-SAR1,6174.271488289391,3.038976841696361,SAR/ISR
OpCA,2110017,SAR1,100,D- 7000,FLT-3,0,7500,223.0,0.51,2.0,,-0.09,18435,16957,1678,1478,62.005,21.537,0.8357,6.649,,1.85,1.97,19.31,OpCA-SAR1,6434.85071277819,-4.70423706762331,SAR/ISR
OpCA,2110017,SAR1,101,D- 6000,FLT-3,0,6500,220.0,0.53,1.9,,-0.15,18435,16957,1678,1478,61.995,21.537,0.8357,6.649,,1.85,1.97,19.31,OpCA-SAR1,6458.401992024523,-4.950628551011952,SAR/ISR
OpCA,2110017,SAR1,102,D- 5000,FLT-3,0,5500,217.0,0.52,1.9,,-0.24,18435,16957,1678,1478,61.986,21.537,0.8357,6.649,,1.85,1.97,19.31,OpCA-SAR1,6478.200648068861,-4.95062855101196,SAR/ISR
OpCA,2110017,SAR1,103,D- 4000,FLT-3,0,4500,213.0,0.52,1.8,,-0.36,18435,16957,1678,1478,61.976,21.537,0.8357,6.649,,1.85,1.97,19.31,OpCA-SAR1,6433.613503116796,-5.22418135450264,SAR/ISR
OpCA,2110017,SAR1,104,D- 3000,FLT-3,0,3500,210.0,0.53,1.8,,-0.49,18435,16957,1678,1478,61.966,21.537,0.8357,6.649,,1.85,1.97,19.31,OpCA-SAR1,6444.69152245498,-5.224181354502632,SAR/ISR
OpCA,2110017,SAR1,105,D- 2000,FLT-3,0,2500,207.0,0.52,1.8,,-0.63,18435,16957,1678,1478,61.955,21.537,0.8357,6.649,,1.85,1.97,19.31,OpCA-SAR1,6451.790829338689,-5.224181354502637,SAR/ISR
OpCA,2110017,SAR1,106,D- 1500,FLT-3,0,1750,205.0,0.26,0.9,,-0.71,18435,16957,1678,1478,61.947,21.537,0.8357,6.649,,1.85,1.97,19.31,OpCA-SAR1,6470.232804476414,-5.224181354502632,SAR/ISR
OpCA,2110017,SAR1,107,APPROACH,FLT-3,15,750,116.0,1.5,5.0,,4.97,18435,16957,1678,1478,42.382,16.094,0.4267,5.376,3.26,1.96,1.634,19.31,OpCA-SAR1,2133.765654687021,0.0,SAR/ISR
OpCA,2110017,SAR1,108,F/APPRO.,FLT-3,23,25,107.0,0.5,0.2,,-3.03,18435,16957,1678,1478,42.543,14.021,0.3897,4.818,3.477,1.97,1.519,19.31,OpCA-SAR1,1854.541149086245,0.0,SAR/ISR
OpCA,2110017,SAR1,11,C- 3500,FLT-1,0,3000,204.0,0.96,3.3,,13.78,20976,16957,1678,4019,61.463,22.159,0.8195,7.206,,1.9,1.638,21.05,OpCA-SAR1,6173.383950006531,2.855110975277912,SAR/ISR
OpCA,2110017,SAR1,12,C- 4500,FLT-1,0,4000,207.0,1.0,3.4,,13.56,20976,16957,1678,4019,61.474,22.159,0.8195,7.206,,1.9,1.638,21.05,OpCA-SAR1,6168.532998968165,2.771270008151057,SAR/ISR
OpCA,2110017,SAR1,13,C- 5500,FLT-1,0,5000,210.0,1.02,3.6,,13.24,20976,16957,1678,4019,61.483,22.159,0.8195,7.206,,1.9,1.638,21.05,OpCA-SAR1,6159.786323279694,2.617530973646755,SAR/ISR
OpCA,2110017,SAR1,14,C- 6500,FLT-1,0,6000,213.0,1.09,3.9,,12.82,20976,16957,1678,4019,61.493,22.159,0.8195,7.206,,1.9,1.638,21.05,OpCA-SAR1,6147.215084794404,2.416431036166851,SAR/ISR
OpCA,2110017,SAR1,15,C- 7500,FLT-1,0,7000,216.0,1.19,4.2,,12.39,20976,16957,1678,4019,61.502,22.159,0.8195,7.206,,1.9,1.638,21.05,OpCA-SAR1,6130.893721250923,2.244012046112063,SAR/ISR
OpCA,2110017,SAR1,16,C- 8500,FLT-1,0,8000,219.0,1.29,4.8,,11.97,20976,16957,1678,4019,61.511,22.159,0.8195,7.206,,1.9,1.638,21.05,OpCA-SAR1,6110.899752016461,1.963745822394753,SAR/ISR
OpCA,2110017,SAR1,17,C- 9500,FLT-1,0,9000,222.0,1.43,5.3,,11.57,20976,16957,1678,4019,61.994,22.048,0.7935,7.064,,1.95,1.645,21.05,OpCA-SAR1,6087.313587424709,1.778611966104863,SAR/ISR
OpCA,2110017,SAR1,18,C-10500,FLT-1,0,10000,226.0,1.59,5.9,,11.21,20976,16957,1678,4019,62.003,22.048,0.7935,7.064,,1.95,1.645,21.05,OpCA-SAR1,6114.206657195726,1.597835240391109,SAR/ISR
OpCA,2110017,SAR1,19,C-11500,FLT-1,0,11000,229.0,1.75,6.7,,10.88,20976,16957,1678,4019,62.011,22.048,0.7935,7.064,,1.95,1.645,21.05,OpCA-SAR1,6082.707743078108,1.407130845227615,SAR/ISR
OpCA,2110017,SAR1,20,C-12500,FLT-1,0,12000,233.0,1.95,7.6,,10.56,20976,16957,1678,4019,62.019,22.048,0.7935,7.064,,1.95,1.645,21.05,OpCA-SAR1,6100.119105197501,1.240552498287564,SAR/ISR
OpCA,2110017,SAR1,21,C-13500,FLT-1,0,13000,236.0,2.21,8.7,,10.23,20976,16957,1678,4019,62.026,22.048,0.7935,7.064,,1.95,1.645,21.05,OpCA-SAR1,6061.040189798538,1.083741147660489,SAR/ISR
OpCA,2110017,SAR1,22,C-14500,FLT-1,0,14000,240.0,2.56,10.2,,9.92,20976,16957,1678,4019,62.032,22.048,0.7935,7.064,,1.95,1.645,21.05,OpCA-SAR1,6069.276888929508,0.9243974878405647,SAR/ISR
OpCA,2110017,SAR1,23,C-15000,FLT-1,0,14750,243.0,1.43,5.8,,9.77,20976,16957,1678,4019,62.037,22.048,0.7935,7.064,,1.95,1.645,21.05,OpCA-SAR1,6072.26026638291,0.8128482698594282,SAR/ISR
OpCA,2110017,SAR1,24,CRUISE,FLT-2,0,15000,265.0,10.44,46.0,,9.2,20976,16957,1678,4019,65.448,22.607,0.8654,7.077,,1.94,1.696,21.05,OpCA-SAR1,7162.927253550089,0.0,SAR/ISR
OpCA,2110017,SAR1,25,CRUISE,FLT-2,0,15000,265.0,11.88,52.5,,9.2,20976,16957,1678,4019,65.448,22.607,0.8654,7.077,,1.94,1.696,21.05,OpCA-SAR1,7162.927253550089,0.0,SAR/ISR
OpCA,2110017,SAR1,26,CRUISE,FLT-2,0,15000,257.0,2.92,12.5,,8.81,20327,16957,1678,3370,65.057,22.887,0.8484,7.181,,1.91,1.723,20.58,OpCA-SAR1,6736.976606190527,0.0,SAR/ISR
OpCA,2110017,SAR1,27,CRUISE,FLT-2,0,15000,257.0,2.91,12.5,,8.81,20327,16957,1678,3370,65.057,22.887,0.8484,7.181,,1.91,1.723,20.58,OpCA-SAR1,6736.976606190527,0.0,SAR/ISR
OpCA,2110017,SAR1,28,CRUISE,FLT-2,0,15000,257.0,10.0,42.9,,8.8,20327,16957,1678,3370,65.057,22.887,0.8484,7.181,,1.91,1.723,20.58,OpCA-SAR1,6736.976606190527,0.0,SAR/ISR
OpCA,2110017,SAR1,29,CRUISE,FLT-2,0,15000,258.0,10.0,42.9,,8.8,20327,16957,1678,3370,65.057,22.887,0.8484,7.181,,1.91,1.723,20.58,OpCA-SAR1,6789.506439377829,0.0,SAR/ISR
OpCA,2110017,SAR1,30,D-14000,FLT-3,0,14500,248.0,0.51,2.1,,0.0,20327,16957,1678,3370,65.157,22.651,0.825,7.02,,1.91,1.945,20.58,OpCA-SAR1,6376.36937029992,-4.481160828076391,SAR/ISR
OpCA,2110017,SAR1,31,D-13000,FLT-3,0,13500,244.0,0.53,2.1,,0.02,20327,16957,1678,3370,65.15,22.651,0.825,7.02,,1.91,1.945,20.58,OpCA-SAR1,6375.463108608696,-4.481160828076377,SAR/ISR
OpCA,2110017,SAR1,32,D-12000,FLT-3,0,12500,241.0,0.53,2.2,,0.03,20327,16957,1678,3370,65.143,22.651,0.825,7.02,,1.91,1.945,20.58,OpCA-SAR1,6422.764128302134,-4.278245866885832,SAR/ISR
OpCA,2110017,SAR1,33,D-11000,FLT-3,0,11500,237.0,0.53,2.1,,0.01,20327,16957,1678,3370,65.136,22.651,0.825,7.02,,1.91,1.945,20.58,OpCA-SAR1,6412.624344956228,-4.481160828076377,SAR/ISR
OpCA,2110017,SAR1,34,D-10000,FLT-3,0,10500,233.0,0.54,2.1,,0.0,20327,16957,1678,3370,65.128,22.651,0.825,7.02,,1.91,1.945,20.58,OpCA-SAR1,6397.335695928814,-4.481160828076377,SAR/ISR
OpCA,2110017,SAR1,35,D- 9000,FLT-3,0,9500,230.0,0.55,2.1,,-0.03,20327,16957,1678,3370,65.096,22.602,0.8577,7.004,,1.84,2.035,20.58,OpCA-SAR1,6432.646041115047,-4.481160828076377,SAR/ISR
OpCA,2110017,SAR1,36,D- 8000,FLT-3,0,8500,226.0,0.55,2.0,,-0.06,20327,16957,1678,3370,65.088,22.602,0.8577,7.004,,1.84,2.035,20.58,OpCA-SAR1,6407.63147944764,-4.70423706762331,SAR/ISR
OpCA,2110017,SAR1,37,D- 7000,FLT-3,0,7500,223.0,0.56,2.1,,-0.09,20327,16957,1678,3370,65.079,22.602,0.8577,7.004,,1.84,2.035,20.58,OpCA-SAR1,6434.85071277819,-4.481160828076377,SAR/ISR
OpCA,2110017,SAR1,38,D- 6000,FLT-3,0,6500,220.0,0.56,2.0,,-0.15,20327,16957,1678,3370,65.069,22.602,0.8577,7.004,,1.84,2.035,20.58,OpCA-SAR1,6458.401992024523,-4.704237067623303,SAR/ISR
OpCA,2110017,SAR1,39,D- 5000,FLT-3,0,5500,217.0,0.56,2.1,,-0.24,20327,16957,1678,3370,65.06,22.602,0.8577,7.004,,1.84,2.035,20.58,OpCA-SAR1,6478.200648068861,-4.481160828076377,SAR/ISR
OpCA,2110017,SAR1,40,CRUISE,FLT-2,0,5000,200.0,9.99,33.3,,7.72,20327,16957,1678,3370,62.058,22.165,0.8005,7.022,,1.86,1.802,20.58,OpCA-SAR1,5587.107776217409,0.0,SAR/ISR
OpCA,2110017,SAR1,41,CRUISE,FLT-2,0,5000,200.0,10.01,33.4,,7.69,20327,16957,1678,3370,62.058,22.165,0.8005,7.022,,1.86,1.802,20.58,OpCA-SAR1,5587.107776217409,0.0,SAR/ISR
OpCA,2110017,SAR1,42,D- 4000,FLT-3,0,4500,213.0,0.56,2.0,,-0.36,19661,16957,1678,2704,65.101,22.746,0.8656,7.037,,1.81,2.082,20.1,OpCA-SAR1,6433.613503116796,-4.70423706762331,SAR/ISR
OpCA,2110017,SAR1,43,D- 3000,FLT-3,0,3500,210.0,0.56,1.9,,-0.49,19661,16957,1678,2704,65.09,22.746,0.8656,7.037,,1.81,2.082,20.1,OpCA-SAR1,6444.69152245498,-4.950628551011952,SAR/ISR
OpCA,2110017,SAR1,44,D- 2000,FLT-3,0,2500,207.0,0.55,1.9,,-0.63,19661,16957,1678,2704,65.079,22.746,0.8656,7.037,,1.81,2.082,20.1,OpCA-SAR1,6451.790829338689,-4.950628551011955,SAR/ISR
OpCA,2110017,SAR1,45,D- 1500,FLT-3,0,1750,205.0,0.28,1.0,,-0.71,19661,16957,1678,2704,65.071,22.746,0.8656,7.037,,1.81,2.082,20.1,OpCA-SAR1,6470.232804476414,-4.704237067623303,SAR/ISR
OpCA,2110017,SAR1,46,CRUISE,FLT-4,10,1500,138.0,14.97,34.4,,7.09,19661,16957,1678,2704,50.776,18.171,0.5307,6.079,3.236,1.91,1.665,20.1,OpCA-SAR1,2953.815336670485,0.0,SAR/ISR
OpCA,2110017,SAR1,47,CRUISE,FLT-4,10,1500,137.0,15.03,34.4,,7.04,19661,16957,1678,2704,50.776,18.171,0.5307,6.079,3.236,1.91,1.665,20.1,OpCA-SAR1,2911.161523522807,0.0,SAR/ISR
OpCA,2110017,SAR1,48,D- 1000,FLT-3,10,1250,136.0,0.45,1.0,,-1.42,19661,16957,1678,2704,52.066,17.64,0.5247,5.774,3.322,1.91,1.707,20.1,OpCA-SAR1,2890.083514361937,-4.704237067623306,SAR/ISR
OpCA,2110017,SAR1,49,CRUISE,FLT-4,10,1000,136.0,14.89,33.7,,6.99,19661,16957,1678,2704,50.77,18.171,0.5307,6.079,3.236,1.91,1.665,20.1,OpCA-SAR1,2911.469495228963,0.0,SAR/ISR
OpCA,2110017,SAR1,50,CRUISE,FLT-4,10,1000,135.0,14.97,33.8,,6.95,19661,16957,1678,2704,50.77,18.171,0.5307,6.079,3.236,1.91,1.665,20.1,OpCA-SAR1,2868.811178122181,0.0,SAR/ISR
OpCA,2110017,SAR1,51,CRUISE,FLT-4,10,1000,135.0,10.13,22.7,,6.92,19661,16957,1678,2704,50.77,18.171,0.5307,6.079,3.236,1.91,1.665,20.1,OpCA-SAR1,2868.811178122181,0.0,SAR/ISR
OpCA,2110017,SAR1,52,D- 500,FLT-3,10,750,135.0,0.45,1.0,,-1.51,19661,16957,1678,2704,52.061,17.64,0.5247,5.774,3.322,1.91,1.707,20.1,OpCA-SAR1,2890.00290254689,-4.704237067623308,SAR/ISR
OpCA,2110017,SAR1,53,CRUISE,FLT-7,10,500,133.0,14.0,26.7,,6.88,19021,16957,1678,2064,48.856,17.446,0.5137,5.859,3.182,1.91,1.621,19.69,OpCA-SAR1,2825.691990174931,0.0,SAR/ISR
OpCA,2110017,SAR1,54,CRUISE,FLT-7,10,500,133.0,13.0,24.4,,6.83,19021,16957,1678,2064,48.856,17.446,0.5137,5.859,3.182,1.91,1.621,19.69,OpCA-SAR1,2825.691990174931,0.0,SAR/ISR
OpCA,2110017,SAR1,55,CRUISE,FLT-7,10,500,132.0,12.99,24.3,,6.78,19021,16957,1678,2064,48.856,17.446,0.5137,5.859,3.182,1.91,1.621,19.69,OpCA-SAR1,2783.360124190627,0.0,SAR/ISR
OpCA,2110017,SAR1,56,C- 1500,FLT-1,0,750,135.0,0.55,1.2,,18.85,19021,16957,1678,2064,47.35,18.504,0.5217,6.989,,1.92,1.322,19.69,OpCA-SAR1,2890.00290254689,11.62490454376108,SAR/ISR
OpCA,2110017,SAR1,57,C- 2500,FLT-1,0,2000,138.0,0.57,1.3,,18.37,19021,16957,1678,2064,47.364,18.504,0.5217,6.989,,1.92,1.322,19.69,OpCA-SAR1,2910.393956164035,7.215210799943848,SAR/ISR
OpCA,2110017,SAR1,58,C- 3500,FLT-1,0,3000,140.0,0.58,1.4,,17.91,19021,16957,1678,2064,47.375,18.504,0.5217,6.989,,1.92,1.322,19.69,OpCA-SAR1,2907.495324397539,6.704708200069711,SAR/ISR
OpCA,2110017,SAR1,59,C- 4500,FLT-1,0,4000,142.0,0.59,1.4,,17.47,19021,16957,1678,2064,47.386,18.504,0.5217,6.989,,1.92,1.322,19.69,OpCA-SAR1,2902.805185446431,6.704708200069721,SAR/ISR
OpCA,2110017,SAR1,60,C- 5500,FLT-1,0,5000,144.0,0.61,1.4,,16.99,19021,16957,1678,2064,47.396,18.504,0.5217,6.989,,1.92,1.322,19.69,OpCA-SAR1,2896.356671191105,6.704708200069721,SAR/ISR
OpCA,2110017,SAR1,61,C- 6500,FLT-1,0,6000,146.0,0.63,1.6,,16.45,19021,16957,1678,2064,48.117,18.227,0.5097,6.716,,1.97,1.369,19.69,OpCA-SAR1,2888.184371431539,5.872890681248974,SAR/ISR
OpCA,2110017,SAR1,62,C- 7500,FLT-1,0,7000,149.0,0.66,1.6,,15.92,19021,16957,1678,2064,48.126,18.227,0.5097,6.716,,1.97,1.369,19.69,OpCA-SAR1,2917.351926986706,5.872890681248982,SAR/ISR
OpCA,2110017,SAR1,63,C- 8500,FLT-1,0,8000,151.0,0.68,1.7,,15.39,19021,16957,1678,2064,48.135,18.227,0.5097,6.716,,1.97,1.369,19.69,OpCA-SAR1,2905.165139294997,5.529633896008854,SAR/ISR
OpCA,2110017,SAR1,64,C- 9500,FLT-1,0,9000,153.0,0.71,1.8,,14.86,19021,16957,1678,2064,48.144,18.227,0.5097,6.716,,1.97,1.369,19.69,OpCA-SAR1,2891.362790520757,5.22418135450264,SAR/ISR
OpCA,2110017,SAR1,65,C-10500,FLT-1,0,10000,156.0,0.74,1.9,,14.39,19021,16957,1678,2064,48.152,18.227,0.5097,6.716,,1.97,1.369,19.69,OpCA-SAR1,2913.214292613266,4.95062855101196,SAR/ISR
OpCA,2110017,SAR1,66,C-11500,FLT-1,0,11000,158.0,0.78,2.0,,13.95,19021,16957,1678,2064,48.886,17.864,0.4947,6.414,,2.04,1.362,19.69,OpCA-SAR1,2895.610611891495,4.70423706762331,SAR/ISR
OpCA,2110017,SAR1,67,C-12500,FLT-1,0,12000,160.0,0.81,2.2,,13.54,19021,16957,1678,2064,48.894,17.864,0.4947,6.414,,2.04,1.362,19.69,OpCA-SAR1,2876.513641677983,4.278245866885832,SAR/ISR
OpCA,2110017,SAR1,68,C-13500,FLT-1,0,13000,163.0,0.84,2.3,,13.13,19021,16957,1678,2064,48.901,17.864,0.4947,6.414,,2.04,1.362,19.69,OpCA-SAR1,2891.334688357465,4.092881607032396,SAR/ISR
OpCA,2110017,SAR1,69,C-14500,FLT-1,0,14000,166.0,0.88,2.4,,12.72,18435,16957,1678,1478,47.696,17.549,0.4907,6.282,,2.05,1.312,19.31,OpCA-SAR1,2903.558922766346,3.922888847379492,SAR/ISR
OpCA,2110017,SAR1,70,C-15500,FLT-1,0,15000,168.0,0.92,2.6,,12.27,18435,16957,1678,1478,47.703,17.549,0.4907,6.282,,2.05,1.312,19.31,OpCA-SAR1,2878.838858016343,3.621964763266269,SAR/ISR
OpCA,2110017,SAR1,71,C-16500,FLT-1,0,16000,171.0,0.99,2.8,,11.76,18435,16957,1678,1478,47.71,17.549,0.4907,6.282,,2.05,1.312,19.31,OpCA-SAR1,2886.467732129722,3.363869852691651,SAR/ISR
OpCA,2110017,SAR1,72,C-17500,FLT-1,0,17000,174.0,1.07,3.1,,11.25,18435,16957,1678,1478,47.715,17.549,0.4907,6.282,,2.05,1.312,19.31,OpCA-SAR1,2891.600955701582,3.038976841696354,SAR/ISR
OpCA,2110017,SAR1,73,C-18500,FLT-1,0,18000,177.0,1.17,3.4,,10.75,18435,16957,1678,1478,47.72,17.549,0.4907,6.282,,2.05,1.312,19.31,OpCA-SAR1,2894.274589576001,2.771270008151049,SAR/ISR
OpCA,2110017,SAR1,74,C-19500,FLT-1,0,19000,180.0,1.28,3.9,,10.26,18435,16957,1678,1478,47.725,17.549,0.4907,6.282,,2.05,1.312,19.31,OpCA-SAR1,2894.527892303648,2.416431036166848,SAR/ISR
OpCA,2110017,SAR1,75,C-20500,FLT-1,0,20000,183.0,1.42,4.3,,9.82,18435,16957,1678,1478,47.73,17.549,0.4907,6.282,,2.05,1.312,19.31,OpCA-SAR1,2892.403139375782,2.191877225362163,SAR/ISR
OpCA,2110017,SAR1,76,C-21500,FLT-1,0,21000,186.0,1.57,4.8,,9.39,18435,16957,1678,1478,47.73,17.549,0.4907,6.282,,2.05,1.312,19.31,OpCA-SAR1,2887.945445989742,1.963745822394758,SAR/ISR
OpCA,2110017,SAR1,77,C-22500,FLT-1,0,22000,189.0,1.78,5.6,,8.98,18435,16957,1678,1478,48.513,17.158,0.4726,5.978,,2.11,1.282,19.31,OpCA-SAR1,2881.202593334139,1.683385556242199,SAR/ISR
OpCA,2110017,SAR1,78,C-23500,FLT-1,0,23000,192.0,2.03,6.5,,8.56,18435,16957,1678,1478,48.513,17.158,0.4726,5.978,,2.11,1.282,19.31,OpCA-SAR1,2872.224858381926,1.450408960394832,SAR/ISR
OpCA,2110017,SAR1,79,C-24500,FLT-1,0,24000,195.0,2.39,7.8,,8.15,18435,16957,1678,1478,48.513,17.158,0.4726,5.978,,2.11,1.282,19.31,OpCA-SAR1,2861.064847179346,1.208753021344813,SAR/ISR
OpCA,2110017,SAR1,80,C-25000,FLT-1,0,24750,198.0,1.38,4.5,,7.95,18435,16957,1678,1478,48.513,17.158,0.4726,5.978,,2.11,1.282,19.31,OpCA-SAR1,2873.019670170516,1.04762463250366,SAR/ISR
OpCA,2110017,SAR1,81,CRUISE,FLT-2,0,25000,245.0,15.71,64.0,,6.59,18435,16957,1678,1478,55.108,19.802,0.6128,6.367,,2.02,1.527,19.31,OpCA-SAR1,4360.214119233076,0.0,SAR/ISR
OpCA,2110017,SAR1,82,CRUISE,FLT-2,0,25000,239.0,4.18,16.6,,6.45,18435,16957,1678,1478,55.108,19.802,0.6128,6.367,,2.02,1.527,19.31,OpCA-SAR1,4149.267650224281,0.0,SAR/ISR
OpCA,2110017,SAR1,83,D-24000,FLT-3,0,24500,291.0,0.42,2.0,,-0.18,18435,16957,1678,1478,62.024,21.569,0.806,6.662,,1.9,1.874,19.31,OpCA-SAR1,6260.641519075557,-4.704237067623295,SAR/ISR
OpCA,2110017,SAR1,84,D-23000,FLT-3,0,23500,286.0,0.42,2.0,,-0.16,18435,16957,1678,1478,62.024,21.569,0.806,6.662,,1.9,1.874,19.31,OpCA-SAR1,6263.034915144602,-4.704237067623295,SAR/ISR
OpCA,2110017,SAR1,85,D-22000,FLT-3,0,22500,282.0,0.43,2.1,,-0.14,18435,16957,1678,1478,62.024,21.569,0.806,6.662,,1.9,1.874,19.31,OpCA-SAR1,6304.441024929991,-4.481160828076364,SAR/ISR
OpCA,2110017,SAR1,86,D-21000,FLT-3,0,21500,277.0,0.44,2.0,,-0.11,18435,16957,1678,1478,62.024,21.569,0.806,6.662,,1.9,1.874,19.31,OpCA-SAR1,6296.239230109132,-4.704237067623324,SAR/ISR
OpCA,2110017,SAR1,87,D-20000,FLT-3,0,20500,273.0,0.44,2.0,,-0.09,18435,16957,1678,1478,62.024,21.569,0.806,6.662,,1.9,1.874,19.31,OpCA-SAR1,6328.488062322356,-4.704237067623324,SAR/ISR
OpCA,2110017,SAR1,88,D-19000,FLT-3,0,19500,268.0,0.45,2.0,,-0.07,18435,16957,1678,1478,62.021,21.569,0.806,6.662,,1.9,1.874,19.31,OpCA-SAR1,6309.266049042501,-4.704237067623295,SAR/ISR
OpCA,2110017,SAR1,89,D-18000,FLT-3,0,18500,264.0,0.45,2.0,,-0.06,18435,16957,1678,1478,62.016,21.569,0.806,6.662,,1.9,1.874,19.31,OpCA-SAR1,6331.916152929224,-4.704237067623295,SAR/ISR
OpCA,2110017,SAR1,9,C- 1500,FLT-1,0,750,146.0,1.0,2.5,,21.38,20976,16957,1678,4019,49.669,19.235,0.5679,7.27,,1.99,1.351,21.05,OpCA-SAR1,3380.153737760742,5.639520585950486,SAR/ISR
OpCA,2110017,SAR1,90,D-17000,FLT-3,0,17500,260.0,0.47,1.9,,-0.05,18435,16957,1678,1478,62.011,21.569,0.806,6.662,,1.9,1.874,19.31,OpCA-SAR1,6350.052873530161,-4.950628551011944,SAR/ISR
OpCA,2110017,SAR1,91,D-16000,FLT-3,0,16500,256.0,0.46,2.0,,-0.03,18435,16957,1678,1478,62.006,21.569,0.806,6.662,,1.9,1.874,19.31,OpCA-SAR1,6363.572576482793,-4.704237067623295,SAR/ISR
OpCA,2110017,SAR1,92,D-15000,FLT-3,0,15500,252.0,0.48,2.0,,-0.02,18435,16957,1678,1478,62.0,21.569,0.806,6.662,,1.9,1.874,19.31,OpCA-SAR1,6372.376160980006,-4.704237067623324,SAR/ISR
OpCA,2110017,SAR1,93,D-14000,FLT-3,0,14500,248.0,0.48,2.0,,0.0,18435,16957,1678,1478,61.993,21.569,0.806,6.662,,1.9,1.874,19.31,OpCA-SAR1,6376.36937029992,-4.704237067623324,SAR/ISR
OpCA,2110017,SAR1,94,D-13000,FLT-3,0,13500,244.0,0.48,2.0,,0.02,18435,16957,1678,1478,62.052,21.537,0.8357,6.649,,1.85,1.97,19.31,OpCA-SAR1,6375.463108608696,-4.70423706762331,SAR/ISR
OpCA,2110017,SAR1,95,D-12000,FLT-3,0,12500,241.0,0.5,1.9,,0.03,18435,16957,1678,1478,62.045,21.537,0.8357,6.649,,1.85,1.97,19.31,OpCA-SAR1,6422.764128302134,-4.950628551011944,SAR/ISR
OpCA,2110017,SAR1,96,D-11000,FLT-3,0,11500,237.0,0.5,2.0,,0.01,18435,16957,1678,1478,62.038,21.537,0.8357,6.649,,1.85,1.97,19.31,OpCA-SAR1,6412.624344956228,-4.70423706762331,SAR/ISR
OpCA,2110017,SAR1,97,D-10000,FLT-3,0,10500,233.0,0.5,2.0,,0.0,18435,16957,1678,1478,62.029,21.537,0.8357,6.649,,1.85,1.97,19.31,OpCA-SAR1,6397.335695928814,-4.70423706762331,SAR/ISR
OpCA,2110017,SAR1,98,D- 9000,FLT-3,0,9500,230.0,0.51,1.9,,-0.03,18435,16957,1678,1478,62.021,21.537,0.8357,6.649,,1.85,1.97,19.31,OpCA-SAR1,6432.646041115047,-4.95062855101196,SAR/ISR
OpCA,2110017,SAR1,99,D- 8000,FLT-3,0,8500,226.0,0.52,1.9,,-0.06,18435,16957,1678,1478,62.014,21.537,0.8357,6.649,,1.85,1.97,19.31,OpCA-SAR1,6407.63147944764,-4.95062855101196,SAR/ISR
OpCA,2110017,SAR2,10,C- 2500,FLT-1,0,2000,201.0,0.94,3.1,,14.01,20976,16957,1678,4019,61.452,22.159,0.8195,7.206,,1.9,1.638,21.05,OpCA-SAR2,6174.271488289391,3.038976841696361,SAR/ISR
OpCA,2110017,SAR2,100,D- 8000,FLT-3,0,8500,226.0,0.52,1.9,,-0.06,18435,16957,1678,1478,62.014,21.537,0.8357,6.649,,1.85,1.97,19.31,OpCA-SAR2,6407.63147944764,-4.95062855101196,SAR/ISR
OpCA,2110017,SAR2,101,D- 7000,FLT-3,0,7500,223.0,0.51,1.9,,-0.09,18435,16957,1678,1478,62.005,21.537,0.8357,6.649,,1.85,1.97,19.31,OpCA-SAR2,6434.85071277819,-4.95062855101196,SAR/ISR
OpCA,2110017,SAR2,102,D- 6000,FLT-3,0,6500,220.0,0.53,1.9,,-0.15,18435,16957,1678,1478,61.995,21.537,0.8357,6.649,,1.85,1.97,19.31,OpCA-SAR2,6458.401992024523,-4.950628551011952,SAR/ISR
OpCA,2110017,SAR2,103,D- 5000,FLT-3,0,5500,217.0,0.52,1.9,,-0.24,18435,16957,1678,1478,61.986,21.537,0.8357,6.649,,1.85,1.97,19.31,OpCA-SAR2,6478.200648068861,-4.95062855101196,SAR/ISR
OpCA,2110017,SAR2,104,D- 4000,FLT-3,0,4500,213.0,0.53,1.9,,-0.36,18435,16957,1678,1478,61.976,21.537,0.8357,6.649,,1.85,1.97,19.31,OpCA-SAR2,6433.613503116796,-4.95062855101196,SAR/ISR
OpCA,2110017,SAR2,105,D- 3000,FLT-3,0,3500,210.0,0.52,1.8,,-0.49,18435,16957,1678,1478,61.966,21.537,0.8357,6.649,,1.85,1.97,19.31,OpCA-SAR2,6444.69152245498,-5.224181354502632,SAR/ISR
OpCA,2110017,SAR2,106,D- 2000,FLT-3,0,2500,207.0,0.52,1.8,,-0.63,18435,16957,1678,1478,61.955,21.537,0.8357,6.649,,1.85,1.97,19.31,OpCA-SAR2,6451.790829338689,-5.224181354502637,SAR/ISR
OpCA,2110017,SAR2,107,D- 1500,FLT-3,0,1750,205.0,0.26,0.9,,-0.71,18435,16957,1678,1478,61.947,21.537,0.8357,6.649,,1.85,1.97,19.31,OpCA-SAR2,6470.232804476414,-5.224181354502632,SAR/ISR
OpCA,2110017,SAR2,108,APPROACH,FLT-3,15,750,116.0,1.5,5.0,,4.97,18435,16957,1678,1478,42.382,16.094,0.4267,5.376,3.26,1.96,1.634,19.31,OpCA-SAR2,2133.765654687021,0.0,SAR/ISR
OpCA,2110017,SAR2,109,F/APPRO.,FLT-3,23,25,107.0,0.5,0.2,,-3.03,18435,16957,1678,1478,42.543,14.021,0.3897,4.818,3.477,1.97,1.519,19.31,OpCA-SAR2,1854.541149086245,0.0,SAR/ISR
OpCA,2110017,SAR2,11,C- 3500,FLT-1,0,3000,204.0,0.96,3.3,,13.78,20976,16957,1678,4019,61.463,22.159,0.8195,7.206,,1.9,1.638,21.05,OpCA-SAR2,6173.383950006531,2.855110975277912,SAR/ISR
OpCA,2110017,SAR2,12,C- 4500,FLT-1,0,4000,207.0,1.0,3.4,,13.56,20976,16957,1678,4019,61.474,22.159,0.8195,7.206,,1.9,1.638,21.05,OpCA-SAR2,6168.532998968165,2.771270008151057,SAR/ISR
OpCA,2110017,SAR2,13,C- 5500,FLT-1,0,5000,210.0,1.02,3.6,,13.24,20976,16957,1678,4019,61.483,22.159,0.8195,7.206,,1.9,1.638,21.05,OpCA-SAR2,6159.786323279694,2.617530973646755,SAR/ISR
OpCA,2110017,SAR2,14,C- 6500,FLT-1,0,6000,213.0,1.09,3.9,,12.82,20976,16957,1678,4019,61.493,22.159,0.8195,7.206,,1.9,1.638,21.05,OpCA-SAR2,6147.215084794404,2.416431036166851,SAR/ISR
OpCA,2110017,SAR2,15,C- 7500,FLT-1,0,7000,216.0,1.19,4.2,,12.39,20976,16957,1678,4019,61.502,22.159,0.8195,7.206,,1.9,1.638,21.05,OpCA-SAR2,6130.893721250923,2.244012046112063,SAR/ISR
OpCA,2110017,SAR2,16,C- 8500,FLT-1,0,8000,219.0,1.29,4.8,,11.97,20976,16957,1678,4019,61.511,22.159,0.8195,7.206,,1.9,1.638,21.05,OpCA-SAR2,6110.899752016461,1.963745822394753,SAR/ISR
OpCA,2110017,SAR2,17,C- 9500,FLT-1,0,9000,222.0,1.43,5.3,,11.57,20976,16957,1678,4019,61.994,22.048,0.7935,7.064,,1.95,1.645,21.05,OpCA-SAR2,6087.313587424709,1.778611966104863,SAR/ISR
OpCA,2110017,SAR2,18,C-10500,FLT-1,0,10000,226.0,1.59,5.9,,11.21,20976,16957,1678,4019,62.003,22.048,0.7935,7.064,,1.95,1.645,21.05,OpCA-SAR2,6114.206657195726,1.597835240391109,SAR/ISR
OpCA,2110017,SAR2,19,C-11500,FLT-1,0,11000,229.0,1.75,6.7,,10.88,20976,16957,1678,4019,62.011,22.048,0.7935,7.064,,1.95,1.645,21.05,OpCA-SAR2,6082.707743078108,1.407130845227615,SAR/ISR
OpCA,2110017,SAR2,20,C-12500,FLT-1,0,12000,233.0,1.95,7.6,,10.56,20976,16957,1678,4019,62.019,22.048,0.7935,7.064,,1.95,1.645,21.05,OpCA-SAR2,6100.119105197501,1.240552498287564,SAR/ISR
OpCA,2110017,SAR2,21,C-13500,FLT-1,0,13000,236.0,2.21,8.7,,10.23,20976,16957,1678,4019,62.026,22.048,0.7935,7.064,,1.95,1.645,21.05,OpCA-SAR2,6061.040189798538,1.083741147660489,SAR/ISR
OpCA,2110017,SAR2,22,C-14500,FLT-1,0,14000,240.0,2.56,10.2,,9.92,20976,16957,1678,4019,62.032,22.048,0.7935,7.064,,1.95,1.645,21.05,OpCA-SAR2,6069.276888929508,0.9243974878405647,SAR/ISR
OpCA,2110017,SAR2,23,C-15000,FLT-1,0,14750,243.0,1.43,5.8,,9.77,20976,16957,1678,4019,62.037,22.048,0.7935,7.064,,1.95,1.645,21.05,OpCA-SAR2,6072.26026638291,0.8128482698594282,SAR/ISR
OpCA,2110017,SAR2,24,CRUISE,FLT-2,0,15000,265.0,9.0,39.7,,9.2,20976,16957,1678,4019,65.448,22.607,0.8654,7.077,,1.94,1.696,21.05,OpCA-SAR2,7162.927253550089,0.0,SAR/ISR
OpCA,2110017,SAR2,25,CRUISE,FLT-2,0,15000,265.0,8.99,39.7,,9.2,20976,16957,1678,4019,65.448,22.607,0.8654,7.077,,1.94,1.696,21.05,OpCA-SAR2,7162.927253550089,0.0,SAR/ISR
OpCA,2110017,SAR2,26,CRUISE,FLT-2,0,15000,257.0,4.67,20.0,,8.81,20327,16957,1678,3370,65.057,22.887,0.8484,7.181,,1.91,1.723,20.58,OpCA-SAR2,6736.976606190527,0.0,SAR/ISR
OpCA,2110017,SAR2,27,D-14000,FLT-3,0,14500,248.0,0.52,2.1,,0.0,20327,16957,1678,3370,65.157,22.651,0.825,7.02,,1.91,1.945,20.58,OpCA-SAR2,6376.36937029992,-4.481160828076391,SAR/ISR
OpCA,2110017,SAR2,28,D-13000,FLT-3,0,13500,244.0,0.53,2.2,,0.02,20327,16957,1678,3370,65.15,22.651,0.825,7.02,,1.91,1.945,20.58,OpCA-SAR2,6375.463108608696,-4.278245866885845,SAR/ISR
OpCA,2110017,SAR2,29,D-12000,FLT-3,0,12500,241.0,0.53,2.1,,0.03,20327,16957,1678,3370,65.143,22.651,0.825,7.02,,1.91,1.945,20.58,OpCA-SAR2,6422.764128302134,-4.481160828076364,SAR/ISR
OpCA,2110017,SAR2,30,D-11000,FLT-3,0,11500,237.0,0.55,2.2,,0.01,20327,16957,1678,3370,65.136,22.651,0.825,7.02,,1.91,1.945,20.58,OpCA-SAR2,6412.624344956228,-4.278245866885845,SAR/ISR
OpCA,2110017,SAR2,31,D-10000,FLT-3,0,10500,233.0,0.54,2.1,,0.0,20327,16957,1678,3370,65.128,22.651,0.825,7.02,,1.91,1.945,20.58,OpCA-SAR2,6397.335695928814,-4.481160828076377,SAR/ISR
OpCA,2110017,SAR2,32,D- 9000,FLT-3,0,9500,230.0,0.56,2.1,,-0.03,20327,16957,1678,3370,65.096,22.602,0.8577,7.004,,1.84,2.035,20.58,OpCA-SAR2,6432.646041115047,-4.481160828076377,SAR/ISR
OpCA,2110017,SAR2,33,D- 8000,FLT-3,0,8500,226.0,0.55,2.1,,-0.06,20327,16957,1678,3370,65.088,22.602,0.8577,7.004,,1.84,2.035,20.58,OpCA-SAR2,6407.63147944764,-4.481160828076377,SAR/ISR
OpCA,2110017,SAR2,34,D- 7000,FLT-3,0,7500,223.0,0.57,2.1,,-0.09,20327,16957,1678,3370,65.079,22.602,0.8577,7.004,,1.84,2.035,20.58,OpCA-SAR2,6434.85071277819,-4.481160828076377,SAR/ISR
OpCA,2110017,SAR2,35,D- 6000,FLT-3,0,6500,220.0,0.56,2.0,,-0.15,20327,16957,1678,3370,65.069,22.602,0.8577,7.004,,1.84,2.035,20.58,OpCA-SAR2,6458.401992024523,-4.704237067623303,SAR/ISR
OpCA,2110017,SAR2,36,D- 5000,FLT-3,0,5500,217.0,0.57,2.1,,-0.24,20327,16957,1678,3370,65.06,22.602,0.8577,7.004,,1.84,2.035,20.58,OpCA-SAR2,6478.200648068861,-4.481160828076377,SAR/ISR
OpCA,2110017,SAR2,37,D- 4000,FLT-3,0,4500,213.0,0.57,2.0,,-0.36,20327,16957,1678,3370,65.05,22.602,0.8577,7.004,,1.84,2.035,20.58,OpCA-SAR2,6433.613503116796,-4.70423706762331,SAR/ISR
OpCA,2110017,SAR2,38,D- 3500,FLT-3,0,3750,211.0,0.28,1.0,,-0.42,20327,16957,1678,3370,65.043,22.602,0.8577,7.004,,1.84,2.035,20.58,OpCA-SAR2,6457.585437355824,-4.70423706762331,SAR/ISR
OpCA,2110017,SAR2,39,CRUISE,FLT-2,0,3500,200.0,9.99,33.4,,7.98,20327,16957,1678,3370,62.043,22.165,0.8005,7.022,,1.86,1.802,20.58,OpCA-SAR2,5845.525190435354,0.0,SAR/ISR
OpCA,2110017,SAR2,40,CRUISE,FLT-2,0,3500,200.0,10.01,33.4,,7.96,20327,16957,1678,3370,62.043,22.165,0.8005,7.022,,1.86,1.802,20.58,OpCA-SAR2,5845.525190435354,0.0,SAR/ISR
OpCA,2110017,SAR2,41,D- 2500,FLT-3,0,3000,209.0,0.56,2.0,,-0.56,20327,16957,1678,3370,65.035,22.602,0.8577,7.004,,1.84,2.035,20.58,OpCA-SAR2,6479.709350255557,-4.70423706762331,SAR/ISR
OpCA,2110017,SAR2,42,D- 1500,FLT-3,0,2000,206.0,0.56,1.9,,-0.71,20327,16957,1678,3370,65.024,22.602,0.8577,7.004,,1.84,2.035,20.58,OpCA-SAR2,6485.26979225882,-4.950628551011955,SAR/ISR
OpCA,2110017,SAR2,43,CRUISE,FLT-4,10,1500,139.0,15.08,34.9,,7.2,20327,16957,1678,3370,50.714,17.905,0.5298,6.016,3.211,1.96,1.628,20.58,OpCA-SAR2,2996.779359368328,0.0,SAR/ISR
OpCA,2110017,SAR2,44,CRUISE,FLT-4,10,1500,138.0,15.16,35.0,,7.15,20327,16957,1678,3370,50.714,17.905,0.5298,6.016,3.211,1.96,1.628,20.58,OpCA-SAR2,2953.815336670485,0.0,SAR/ISR
OpCA,2110017,SAR2,45,CRUISE,FLT-4,10,1500,138.0,9.76,22.5,,7.12,20327,16957,1678,3370,50.714,17.905,0.5298,6.016,3.211,1.96,1.628,20.58,OpCA-SAR2,2953.815336670485,0.0,SAR/ISR
OpCA,2110017,SAR2,46,D- 1000,FLT-3,10,1250,136.0,0.45,1.0,,-1.42,19661,16957,1678,2704,52.066,17.64,0.5247,5.774,3.322,1.91,1.707,20.1,OpCA-SAR2,2890.083514361937,-4.704237067623306,SAR/ISR
OpCA,2110017,SAR2,47,CRUISE,FLT-4,10,1000,136.0,14.93,34.0,,7.07,19661,16957,1678,2704,50.77,18.171,0.5307,6.079,3.236,1.91,1.665,20.1,OpCA-SAR2,2911.469495228963,0.0,SAR/ISR
OpCA,2110017,SAR2,48,CRUISE,FLT-4,10,1000,136.0,15.02,34.0,,7.03,19661,16957,1678,2704,50.77,18.171,0.5307,6.079,3.236,1.91,1.665,20.1,OpCA-SAR2,2911.469495228963,0.0,SAR/ISR
OpCA,2110017,SAR2,49,CRUISE,FLT-4,10,1000,135.0,15.04,34.0,,6.98,19661,16957,1678,2704,50.77,18.171,0.5307,6.079,3.236,1.91,1.665,20.1,OpCA-SAR2,2868.811178122181,0.0,SAR/ISR
OpCA,2110017,SAR2,50,D- 500,FLT-3,10,750,135.0,0.45,1.0,,-1.51,19661,16957,1678,2704,52.061,17.64,0.5247,5.774,3.322,1.91,1.707,20.1,OpCA-SAR2,2890.00290254689,-4.704237067623308,SAR/ISR
OpCA,2110017,SAR2,51,CRUISE,FLT-7,10,500,134.0,7.5,12.3,,6.97,19661,16957,1678,2704,50.765,18.171,0.5307,6.079,3.236,1.91,1.665,20.1,OpCA-SAR2,2868.343341940248,0.0,SAR/ISR
OpCA,2110017,SAR2,52,CRUISE,FLT-7,10,500,134.0,7.5,12.3,,6.93,19661,16957,1678,2704,50.765,18.171,0.5307,6.079,3.236,1.91,1.665,20.1,OpCA-SAR2,2868.343341940248,0.0,SAR/ISR
OpCA,2110017,SAR2,53,CRUISE,FLT-7,10,500,133.0,7.5,12.2,,6.89,19021,16957,1678,2064,48.856,17.446,0.5137,5.859,3.182,1.91,1.621,19.69,OpCA-SAR2,2825.691990174931,0.0,SAR/ISR
OpCA,2110017,SAR2,54,CRUISE,FLT-7,10,500,133.0,7.5,12.2,,6.86,19021,16957,1678,2064,48.856,17.446,0.5137,5.859,3.182,1.91,1.621,19.69,OpCA-SAR2,2825.691990174931,0.0,SAR/ISR
OpCA,2110017,SAR2,55,CRUISE,FLT-7,10,500,133.0,7.5,12.2,,6.82,19021,16957,1678,2064,48.856,17.446,0.5137,5.859,3.182,1.91,1.621,19.69,OpCA-SAR2,2825.691990174931,0.0,SAR/ISR
OpCA,2110017,SAR2,56,CRUISE,FLT-7,10,500,132.0,7.5,12.2,,6.79,19021,16957,1678,2064,48.856,17.446,0.5137,5.859,3.182,1.91,1.621,19.69,OpCA-SAR2,2783.360124190627,0.0,SAR/ISR
OpCA,2110017,SAR2,57,C- 1500,FLT-1,0,750,135.0,0.55,1.2,,18.85,19021,16957,1678,2064,47.35,18.504,0.5217,6.989,,1.92,1.322,19.69,OpCA-SAR2,2890.00290254689,11.62490454376108,SAR/ISR
OpCA,2110017,SAR2,58,C- 2500,FLT-1,0,2000,138.0,0.57,1.3,,18.37,19021,16957,1678,2064,47.364,18.504,0.5217,6.989,,1.92,1.322,19.69,OpCA-SAR2,2910.393956164035,7.215210799943848,SAR/ISR
OpCA,2110017,SAR2,59,C- 3500,FLT-1,0,3000,140.0,0.58,1.4,,17.91,19021,16957,1678,2064,47.375,18.504,0.5217,6.989,,1.92,1.322,19.69,OpCA-SAR2,2907.495324397539,6.704708200069711,SAR/ISR
OpCA,2110017,SAR2,60,C- 4500,FLT-1,0,4000,142.0,0.6,1.4,,17.47,19021,16957,1678,2064,47.386,18.504,0.5217,6.989,,1.92,1.322,19.69,OpCA-SAR2,2902.805185446431,6.704708200069721,SAR/ISR
OpCA,2110017,SAR2,61,C- 5500,FLT-1,0,5000,144.0,0.61,1.4,,16.99,19021,16957,1678,2064,47.396,18.504,0.5217,6.989,,1.92,1.322,19.69,OpCA-SAR2,2896.356671191105,6.704708200069721,SAR/ISR
OpCA,2110017,SAR2,62,C- 6500,FLT-1,0,6000,146.0,0.63,1.6,,16.45,19021,16957,1678,2064,48.117,18.227,0.5097,6.716,,1.97,1.369,19.69,OpCA-SAR2,2888.184371431539,5.872890681248974,SAR/ISR
OpCA,2110017,SAR2,63,C- 7500,FLT-1,0,7000,149.0,0.66,1.6,,15.92,19021,16957,1678,2064,48.126,18.227,0.5097,6.716,,1.97,1.369,19.69,OpCA-SAR2,2917.351926986706,5.872890681248982,SAR/ISR
OpCA,2110017,SAR2,64,C- 8500,FLT-1,0,8000,151.0,0.68,1.7,,15.39,19021,16957,1678,2064,48.135,18.227,0.5097,6.716,,1.97,1.369,19.69,OpCA-SAR2,2905.165139294997,5.529633896008854,SAR/ISR
OpCA,2110017,SAR2,65,C- 9500,FLT-1,0,9000,153.0,0.71,1.8,,14.86,19021,16957,1678,2064,48.144,18.227,0.5097,6.716,,1.97,1.369,19.69,OpCA-SAR2,2891.362790520757,5.22418135450264,SAR/ISR
OpCA,2110017,SAR2,66,C-10500,FLT-1,0,10000,156.0,0.75,2.0,,14.39,19021,16957,1678,2064,48.152,18.227,0.5097,6.716,,1.97,1.369,19.69,OpCA-SAR2,2913.214292613266,4.70423706762331,SAR/ISR
OpCA,2110017,SAR2,67,C-11500,FLT-1,0,11000,158.0,0.78,2.0,,13.95,19021,16957,1678,2064,48.886,17.864,0.4947,6.414,,2.04,1.362,19.69,OpCA-SAR2,2895.610611891495,4.70423706762331,SAR/ISR
OpCA,2110017,SAR2,68,C-12500,FLT-1,0,12000,160.0,0.81,2.2,,13.54,19021,16957,1678,2064,48.894,17.864,0.4947,6.414,,2.04,1.362,19.69,OpCA-SAR2,2876.513641677983,4.278245866885832,SAR/ISR
OpCA,2110017,SAR2,69,C-13500,FLT-1,0,13000,163.0,0.84,2.2,,13.13,19021,16957,1678,2064,48.901,17.864,0.4947,6.414,,2.04,1.362,19.69,OpCA-SAR2,2891.334688357465,4.278245866885845,SAR/ISR
OpCA,2110017,SAR2,70,C-14500,FLT-1,0,14000,166.0,0.88,2.5,,12.72,19021,16957,1678,2064,48.908,17.864,0.4947,6.414,,2.04,1.362,19.69,OpCA-SAR2,2903.558922766346,3.766434321437909,SAR/ISR
OpCA,2110017,SAR2,71,C-15500,FLT-1,0,15000,168.0,0.93,2.6,,12.27,19021,16957,1678,2064,48.914,17.864,0.4947,6.414,,2.04,1.362,19.69,OpCA-SAR2,2878.838858016343,3.621964763266269,SAR/ISR
OpCA,2110017,SAR2,72,C-16500,FLT-1,0,16000,171.0,1.0,2.8,,11.76,19021,16957,1678,2064,48.921,17.864,0.4947,6.414,,2.04,1.362,19.69,OpCA-SAR2,2886.467732129722,3.363869852691651,SAR/ISR
OpCA,2110017,SAR2,73,C-17500,FLT-1,0,17000,174.0,1.07,3.1,,11.25,19021,16957,1678,2064,48.926,17.864,0.4947,6.414,,2.04,1.362,19.69,OpCA-SAR2,2891.600955701582,3.038976841696354,SAR/ISR
OpCA,2110017,SAR2,74,C-18500,FLT-1,0,18000,177.0,1.17,3.4,,10.75,19021,16957,1678,2064,48.932,17.864,0.4947,6.414,,2.04,1.362,19.69,OpCA-SAR2,2894.274589576001,2.771270008151049,SAR/ISR
OpCA,2110017,SAR2,75,C-19500,FLT-1,0,19000,180.0,1.29,3.9,,10.26,19021,16957,1678,2064,48.937,17.864,0.4947,6.414,,2.04,1.362,19.69,OpCA-SAR2,2894.527892303648,2.416431036166848,SAR/ISR
OpCA,2110017,SAR2,76,C-20500,FLT-1,0,20000,183.0,1.42,4.3,,9.82,18435,16957,1678,1478,47.73,17.549,0.4907,6.282,,2.05,1.312,19.31,OpCA-SAR2,2892.403139375782,2.191877225362163,SAR/ISR
OpCA,2110017,SAR2,77,C-21500,FLT-1,0,21000,186.0,1.58,4.9,,9.39,18435,16957,1678,1478,47.73,17.549,0.4907,6.282,,2.05,1.312,19.31,OpCA-SAR2,2887.945445989742,1.923699801603792,SAR/ISR
OpCA,2110017,SAR2,78,C-22500,FLT-1,0,22000,189.0,1.79,5.6,,8.98,18435,16957,1678,1478,48.513,17.158,0.4726,5.978,,2.11,1.282,19.31,OpCA-SAR2,2881.202593334139,1.683385556242199,SAR/ISR
OpCA,2110017,SAR2,79,C-23500,FLT-1,0,23000,192.0,2.05,6.6,,8.56,18435,16957,1678,1478,48.513,17.158,0.4726,5.978,,2.11,1.282,19.31,OpCA-SAR2,2872.224858381926,1.42844224207739,SAR/ISR
OpCA,2110017,SAR2,80,C-24500,FLT-1,0,24000,195.0,2.4,7.8,,8.15,18435,16957,1678,1478,48.513,17.158,0.4726,5.978,,2.11,1.282,19.31,OpCA-SAR2,2861.064847179346,1.208753021344813,SAR/ISR
OpCA,2110017,SAR2,81,C-25000,FLT-1,0,24750,198.0,1.39,4.6,,7.95,18435,16957,1678,1478,48.513,17.158,0.4726,5.978,,2.11,1.282,19.31,OpCA-SAR2,2873.019670170516,1.02485509537546,SAR/ISR
OpCA,2110017,SAR2,82,CRUISE,FLT-2,0,25000,245.0,15.96,65.0,,6.59,18435,16957,1678,1478,55.108,19.802,0.6128,6.367,,2.02,1.527,19.31,OpCA-SAR2,4360.214119233076,0.0,SAR/ISR
OpCA,2110017,SAR2,83,CRUISE,FLT-2,0,25000,239.0,3.84,15.3,,6.45,18435,16957,1678,1478,55.108,19.802,0.6128,6.367,,2.02,1.527,19.31,OpCA-SAR2,4149.267650224281,0.0,SAR/ISR
OpCA,2110017,SAR2,84,D-24000,FLT-3,0,24500,291.0,0.42,2.0,,-0.18,18435,16957,1678,1478,62.024,21.569,0.806,6.662,,1.9,1.874,19.31,OpCA-SAR2,6260.641519075557,-4.704237067623295,SAR/ISR
OpCA,2110017,SAR2,85,D-23000,FLT-3,0,23500,286.0,0.42,2.0,,-0.16,18435,16957,1678,1478,62.024,21.569,0.806,6.662,,1.9,1.874,19.31,OpCA-SAR2,6263.034915144602,-4.704237067623295,SAR/ISR
OpCA,2110017,SAR2,86,D-22000,FLT-3,0,22500,282.0,0.43,2.1,,-0.14,18435,16957,1678,1478,62.024,21.569,0.806,6.662,,1.9,1.874,19.31,OpCA-SAR2,6304.441024929991,-4.481160828076364,SAR/ISR
OpCA,2110017,SAR2,87,D-21000,FLT-3,0,21500,277.0,0.44,2.0,,-0.11,18435,16957,1678,1478,62.024,21.569,0.806,6.662,,1.9,1.874,19.31,OpCA-SAR2,6296.239230109132,-4.704237067623324,SAR/ISR
OpCA,2110017,SAR2,88,D-20000,FLT-3,0,20500,273.0,0.44,2.0,,-0.09,18435,16957,1678,1478,62.024,21.569,0.806,6.662,,1.9,1.874,19.31,OpCA-SAR2,6328.488062322356,-4.704237067623324,SAR/ISR
OpCA,2110017,SAR2,89,D-19000,FLT-3,0,19500,268.0,0.45,2.0,,-0.07,18435,16957,1678,1478,62.021,21.569,0.806,6.662,,1.9,1.874,19.31,OpCA-SAR2,6309.266049042501,-4.704237067623295,SAR/ISR
OpCA,2110017,SAR2,9,C- 1500,FLT-1,0,750,146.0,1.0,2.5,,21.38,20976,16957,1678,4019,49.669,19.235,0.5679,7.27,,1.99,1.351,21.05,OpCA-SAR2,3380.153737760742,5.639520585950486,SAR/ISR
OpCA,2110017,SAR2,90,D-18000,FLT-3,0,18500,264.0,0.46,2.0,,-0.06,18435,16957,1678,1478,62.016,21.569,0.806,6.662,,1.9,1.874,19.31,OpCA-SAR2,6331.916152929224,-4.704237067623295,SAR/ISR
OpCA,2110017,SAR2,91,D-17000,FLT-3,0,17500,260.0,0.46,2.0,,-0.05,18435,16957,1678,1478,62.011,21.569,0.806,6.662,,1.9,1.874,19.31,OpCA-SAR2,6350.052873530161,-4.704237067623295,SAR/ISR
OpCA,2110017,SAR2,92,D-16000,FLT-3,0,16500,256.0,0.47,2.0,,-0.03,18435,16957,1678,1478,62.006,21.569,0.806,6.662,,1.9,1.874,19.31,OpCA-SAR2,6363.572576482793,-4.704237067623295,SAR/ISR
OpCA,2110017,SAR2,93,D-15000,FLT-3,0,15500,252.0,0.47,1.9,,-0.02,18435,16957,1678,1478,62.0,21.569,0.806,6.662,,1.9,1.874,19.31,OpCA-SAR2,6372.376160980006,-4.950628551011974,SAR/ISR
OpCA,2110017,SAR2,94,D-14000,FLT-3,0,14500,248.0,0.48,2.0,,0.0,18435,16957,1678,1478,61.993,21.569,0.806,6.662,,1.9,1.874,19.31,OpCA-SAR2,6376.36937029992,-4.704237067623324,SAR/ISR
OpCA,2110017,SAR2,95,D-13000,FLT-3,0,13500,244.0,0.49,2.0,,0.02,18435,16957,1678,1478,62.052,21.537,0.8357,6.649,,1.85,1.97,19.31,OpCA-SAR2,6375.463108608696,-4.70423706762331,SAR/ISR
OpCA,2110017,SAR2,96,D-12000,FLT-3,0,12500,241.0,0.49,2.0,,0.03,18435,16957,1678,1478,62.045,21.537,0.8357,6.649,,1.85,1.97,19.31,OpCA-SAR2,6422.764128302134,-4.704237067623295,SAR/ISR
OpCA,2110017,SAR2,97,D-11000,FLT-3,0,11500,237.0,0.5,1.9,,0.01,18435,16957,1678,1478,62.038,21.537,0.8357,6.649,,1.85,1.97,19.31,OpCA-SAR2,6412.624344956228,-4.95062855101196,SAR/ISR
OpCA,2110017,SAR2,98,D-10000,FLT-3,0,10500,233.0,0.51,2.0,,0.0,18435,16957,1678,1478,62.029,21.537,0.8357,6.649,,1.85,1.97,19.31,OpCA-SAR2,6397.335695928814,-4.70423706762331,SAR/ISR
OpCA,2110017,SAR2,99,D- 9000,FLT-3,0,9500,230.0,0.51,2.0,,-0.03,18435,16957,1678,1478,62.021,21.537,0.8357,6.649,,1.85,1.97,19.31,OpCA-SAR2,6432.646041115047,-4.70423706762331,SAR/ISR
OpCA,2110017,SAR4-1,10,C- 2500,FLT-1,0,2000,143.0,0.63,1.5,,17.95,19994,16629,1410,3365,49.749,18.668,0.5398,6.838,,1.99,1.331,18.06,OpCA-SAR4-1,3125.112686914427,6.261402966994317,SAR/ISR
OpCA,2110017,SAR4-1,11,C- 3500,FLT-1,0,3000,145.0,0.64,1.5,,17.52,19994,16629,1410,3365,49.76,18.668,0.5398,6.838,,1.99,1.331,18.06,OpCA-SAR4-1,3118.882101809095,6.261402966994311,SAR/ISR
OpCA,2110017,SAR4-1,12,C- 4500,FLT-1,0,4000,147.0,0.65,1.6,,17.09,19994,16629,1410,3365,49.771,18.668,0.5398,6.838,,1.99,1.331,18.06,OpCA-SAR4-1,3110.827080555043,5.872890681248982,SAR/ISR
OpCA,2110017,SAR4-1,13,C- 5500,FLT-1,0,5000,150.0,0.68,1.7,,16.61,19994,16629,1410,3365,49.781,18.668,0.5398,6.838,,1.99,1.331,18.06,OpCA-SAR4-1,3142.748124122293,5.529633896008854,SAR/ISR
OpCA,2110017,SAR4-1,14,C- 6500,FLT-1,0,6000,152.0,0.7,1.8,,16.07,19994,16629,1410,3365,49.79,18.668,0.5398,6.838,,1.99,1.331,18.06,OpCA-SAR4-1,3130.447162579953,5.224181354502632,SAR/ISR
OpCA,2110017,SAR4-1,15,C- 7500,FLT-1,0,7000,154.0,0.73,1.9,,15.54,19994,16629,1410,3365,49.8,18.668,0.5398,6.838,,1.99,1.331,18.06,OpCA-SAR4-1,3116.432516572078,4.95062855101196,SAR/ISR
OpCA,2110017,SAR4-1,16,C- 8000,FLT-1,0,7750,156.0,0.38,0.9,,15.28,19994,16629,1410,3365,49.807,18.668,0.5398,6.838,,1.99,1.331,18.06,OpCA-SAR4-1,3124.820556455395,5.224181354502624,SAR/ISR
OpCA,2110017,SAR4-1,17,CRUISE,FLT-2,0,8000,203.0,10.98,37.1,,7.43,19994,16629,1410,3365,59.761,21.394,0.7362,6.825,,1.91,1.657,18.06,OpCA-SAR4-1,5250.600860716965,0.0,SAR/ISR
OpCA,2110017,SAR4-1,18,CRUISE,FLT-2,0,8000,202.0,11.01,37.2,,7.4,19994,16629,1410,3365,59.761,21.394,0.7362,6.825,,1.91,1.657,18.06,OpCA-SAR4-1,5198.998216911234,0.0,SAR/ISR
OpCA,2110017,SAR4-1,19,D- 7000,FLT-3,0,7500,223.0,0.55,2.0,,-0.09,19994,16629,1410,3365,64.425,22.359,0.8448,6.925,,1.87,1.969,18.06,OpCA-SAR4-1,6434.85071277819,-4.70423706762331,SAR/ISR
OpCA,2110017,SAR4-1,20,D- 6000,FLT-3,0,6500,220.0,0.55,2.1,,-0.15,19994,16629,1410,3365,64.416,22.359,0.8448,6.925,,1.87,1.969,18.06,OpCA-SAR4-1,6458.401992024523,-4.481160828076371,SAR/ISR
OpCA,2110017,SAR4-1,21,D- 5000,FLT-3,0,5500,217.0,0.56,2.0,,-0.24,19994,16629,1410,3365,64.406,22.359,0.8448,6.925,,1.87,1.969,18.06,OpCA-SAR4-1,6478.200648068861,-4.70423706762331,SAR/ISR
OpCA,2110017,SAR4-1,22,D- 4000,FLT-3,0,4500,213.0,0.55,1.9,,-0.36,19994,16629,1410,3365,64.397,22.359,0.8448,6.925,,1.87,1.969,18.06,OpCA-SAR4-1,6433.613503116796,-4.95062855101196,SAR/ISR
OpCA,2110017,SAR4-1,23,D- 3000,FLT-3,0,3500,210.0,0.56,2.0,,-0.49,19994,16629,1410,3365,64.386,22.359,0.8448,6.925,,1.87,1.969,18.06,OpCA-SAR4-1,6444.69152245498,-4.704237067623303,SAR/ISR
OpCA,2110017,SAR4-1,24,D- 2000,FLT-3,0,2500,207.0,0.55,1.9,,-0.63,19994,16629,1410,3365,64.375,22.359,0.8448,6.925,,1.87,1.969,18.06,OpCA-SAR4-1,6451.790829338689,-4.950628551011955,SAR/ISR
OpCA,2110017,SAR4-1,25,D- 1500,FLT-3,0,1750,205.0,0.28,0.9,,-0.71,19994,16629,1410,3365,64.367,22.359,0.8448,6.925,,1.87,1.969,18.06,OpCA-SAR4-1,6470.232804476414,-5.224181354502632,SAR/ISR
OpCA,2110017,SAR4-1,26,CRUISE,FLT-4,10,1500,137.0,9.98,22.9,,7.06,19576,16629,1410,2947,50.5,18.007,0.5157,6.017,3.276,1.98,1.543,17.69,OpCA-SAR4-1,2911.161523522807,0.0,SAR/ISR
OpCA,2110017,SAR4-1,27,CRUISE,FLT-4,10,1500,137.0,10.02,22.9,,7.03,19576,16629,1410,2947,50.5,18.007,0.5157,6.017,3.276,1.98,1.543,17.69,OpCA-SAR4-1,2911.161523522807,0.0,SAR/ISR
OpCA,2110017,SAR4-1,28,D- 1000,FLT-3,10,1250,136.0,0.45,1.0,,-1.42,19576,16629,1410,2947,51.57,17.57,0.5097,5.759,3.35,1.98,1.595,17.69,OpCA-SAR4-1,2890.083514361937,-4.704237067623306,SAR/ISR
OpCA,2110017,SAR4-1,29,CRUISE,FLT-4,10,1000,136.0,9.98,22.6,,7.0,19576,16629,1410,2947,50.495,18.007,0.5157,6.017,3.276,1.98,1.543,17.69,OpCA-SAR4-1,2911.469495228963,0.0,SAR/ISR
OpCA,2110017,SAR4-1,30,CRUISE,FLT-4,10,1000,135.0,10.02,22.6,,6.97,19576,16629,1410,2947,50.495,18.007,0.5157,6.017,3.276,1.98,1.543,17.69,OpCA-SAR4-1,2868.811178122181,0.0,SAR/ISR
OpCA,2110017,SAR4-1,31,D- 500,FLT-3,10,750,135.0,0.45,1.0,,-1.51,19576,16629,1410,2947,51.564,17.57,0.5097,5.759,3.35,1.98,1.595,17.69,OpCA-SAR4-1,2890.00290254689,-4.704237067623308,SAR/ISR
OpCA,2110017,SAR4-1,32,CRUISE,FLT-4,10,500,134.0,9.98,22.3,,6.94,19576,16629,1410,2947,50.489,18.007,0.5157,6.017,3.276,1.98,1.543,17.69,OpCA-SAR4-1,2868.343341940248,0.0,SAR/ISR
OpCA,2110017,SAR4-1,33,CRUISE,FLT-4,10,500,134.0,10.02,22.3,,6.91,19576,16629,1410,2947,50.489,18.007,0.5157,6.017,3.276,1.98,1.543,17.69,OpCA-SAR4-1,2868.343341940248,0.0,SAR/ISR
OpCA,2110017,SAR4-1,34,CRUISE,FLT-9,10,500,129.0,4.49,9.6,,8.1,19041,16629,1410,2412,49.096,17.524,0.5187,5.885,3.195,1.9,1.576,17.26,OpCA-SAR4-1,2658.281440923795,0.0,SAR/ISR
OpCA,2110017,SAR4-1,35,D- 150,FLT-10,10,325,135.0,0.3,0.68,,-1.56,19041,16629,1410,2412,51.005,17.461,0.5287,5.684,3.255,1.9,1.69,17.26,OpCA-SAR4-1,2926.303456860272,-4.841948509298153,SAR/ISR
OpCA,2110017,SAR4-1,36,C- 500,FLT-8,10,325,122.0,0.21,0.41,,20.54,19041,16629,1410,2412,43.868,17.185,0.4637,6.611,3.027,1.93,1.431,17.26,OpCA-SAR4-1,2389.854631106079,7.997375625721229,SAR/ISR
OpCA,2110017,SAR4-1,37,CRUISE,FLT-11,10,500,129.0,4.83,10.4,,8.08,19041,16629,1410,2412,49.096,17.524,0.5187,5.885,3.195,1.9,1.576,17.26,OpCA-SAR4-1,2658.281440923795,0.0,SAR/ISR
OpCA,2110017,SAR4-1,38,D- 300,FLT-10,10,400,135.0,0.17,0.39,,-1.54,19041,16629,1410,2412,51.005,17.461,0.5287,5.684,3.255,1.9,1.69,17.26,OpCA-SAR4-1,2919.872269428399,-4.824296296072114,SAR/ISR
OpCA,2110017,SAR4-1,39,CRUISE,FLT-11,10,300,129.0,4.88,10.5,,8.06,19041,16629,1410,2412,49.096,17.524,0.5187,5.885,3.195,1.9,1.576,17.26,OpCA-SAR4-1,2673.927553662731,0.0,SAR/ISR
OpCA,2110017,SAR4-1,40,C- 500,FLT-8,10,400,122.0,0.12,0.23,,20.54,19041,16629,1410,2412,43.868,17.185,0.4637,6.611,3.027,1.93,1.431,17.26,OpCA-SAR4-1,2384.602406484077,8.144413682170871,SAR/ISR
OpCA,2110017,SAR4-1,41,CRUISE,FLT-9,10,500,129.0,5.0,10.8,,8.04,19041,16629,1410,2412,49.096,17.524,0.5187,5.885,3.195,1.9,1.576,17.26,OpCA-SAR4-1,2658.281440923795,0.0,SAR/ISR
OpCA,2110017,SAR4-1,42,D- 300,FLT-10,10,400,135.0,0.17,0.39,,-1.54,19041,16629,1410,2412,51.005,17.461,0.5287,5.684,3.255,1.9,1.69,17.26,OpCA-SAR4-1,2919.872269428399,-4.824296296072114,SAR/ISR
OpCA,2110017,SAR4-1,43,CRUISE,FLT-11,10,300,128.0,4.83,10.3,,8.02,19041,16629,1410,2412,49.096,17.524,0.5187,5.885,3.195,1.9,1.576,17.26,OpCA-SAR4-1,2632.631995625874,0.0,SAR/ISR
OpCA,2110017,SAR4-1,44,C- 1300,FLT-8,10,800,122.0,0.6,1.2,,20.16,19041,16629,1410,2412,43.786,17.014,0.4587,6.547,3.042,1.94,1.417,17.26,OpCA-SAR4-1,2356.739508619627,7.809339501322957,SAR/ISR
OpCA,2110017,SAR4-1,45,C- 2300,FLT-8,10,1800,124.0,0.61,1.3,,19.65,19041,16629,1410,2412,43.786,17.014,0.4587,6.547,3.042,1.94,1.417,17.26,OpCA-SAR4-1,2363.808489422061,7.215210799943852,SAR/ISR
OpCA,2110017,SAR4-1,46,C- 2500,FLT-8,10,2400,125.0,0.12,0.2,,19.55,19041,16629,1410,2412,43.786,17.014,0.4587,6.547,3.042,1.94,1.417,17.26,OpCA-SAR4-1,2359.675166282739,9.345892012609907,SAR/ISR
OpCA,2110017,SAR4-1,47,CRUISE,FLT-9,10,2500,132.0,14.0,30.8,,7.96,19041,16629,1410,2412,49.018,17.475,0.5167,5.876,3.197,1.91,1.569,17.26,OpCA-SAR4-1,2623.538551900799,0.0,SAR/ISR
OpCA,2110017,SAR4-1,48,CRUISE,FLT-9,10,2500,132.0,14.06,30.9,,7.91,18753,16629,1410,2124,47.292,16.752,0.4867,5.734,3.194,1.94,1.506,17.04,OpCA-SAR4-1,2623.538551900799,0.0,SAR/ISR
OpCA,2110017,SAR4-1,49,CRUISE,FLT-9,10,2500,132.0,5.6,12.3,,7.89,18753,16629,1410,2124,47.292,16.752,0.4867,5.734,3.194,1.94,1.506,17.04,OpCA-SAR4-1,2623.538551900799,0.0,SAR/ISR
OpCA,2110017,SAR4-1,50,D- 1500,FLT-3,0,2000,206.0,0.53,1.8,,-0.71,18753,16629,1410,2124,62.948,21.905,0.8556,6.768,,1.82,2.01,17.04,OpCA-SAR4-1,6485.26979225882,-5.224181354502637,SAR/ISR
OpCA,2110017,SAR4-1,51,APPROACH,FLT-3,15,750,117.0,1.5,5.0,,4.92,18753,16629,1410,2124,43.324,16.394,0.4336,5.48,3.305,1.94,1.607,17.04,OpCA-SAR4-1,2170.713291246331,0.0,SAR/ISR
OpCA,2110017,SAR4-1,52,F/APPRO.,FLT-3,23,25,109.0,0.5,0.2,,-3.1,18753,16629,1410,2124,43.615,14.553,0.4016,4.978,3.51,1.95,1.505,17.04,OpCA-SAR4-1,1924.517721398697,0.0,SAR/ISR
OpCA,2110017,SAR4-1,9,C- 1500,FLT-1,0,750,142.0,1.0,2.5,,21.77,19994,16629,1410,3365,48.639,19.394,0.5548,7.438,,1.95,1.286,18.06,OpCA-SAR4-1,3197.477011081236,5.639520585950486,SAR/ISR
OpCA,2110017,SAR4-2,10,C- 2500,FLT-1,0,2000,143.0,0.63,1.5,,17.95,19994,16629,1410,3365,49.749,18.668,0.5398,6.838,,1.99,1.331,18.06,OpCA-SAR4-2,3125.112686914427,6.261402966994317,SAR/ISR
OpCA,2110017,SAR4-2,11,C- 3500,FLT-1,0,3000,145.0,0.64,1.5,,17.52,19994,16629,1410,3365,49.76,18.668,0.5398,6.838,,1.99,1.331,18.06,OpCA-SAR4-2,3118.882101809095,6.261402966994311,SAR/ISR
OpCA,2110017,SAR4-2,12,C- 4500,FLT-1,0,4000,147.0,0.65,1.6,,17.09,19994,16629,1410,3365,49.771,18.668,0.5398,6.838,,1.99,1.331,18.06,OpCA-SAR4-2,3110.827080555043,5.872890681248982,SAR/ISR
OpCA,2110017,SAR4-2,13,C- 5500,FLT-1,0,5000,150.0,0.68,1.7,,16.61,19994,16629,1410,3365,49.781,18.668,0.5398,6.838,,1.99,1.331,18.06,OpCA-SAR4-2,3142.748124122293,5.529633896008854,SAR/ISR
OpCA,2110017,SAR4-2,14,C- 6500,FLT-1,0,6000,152.0,0.7,1.8,,16.07,19994,16629,1410,3365,49.79,18.668,0.5398,6.838,,1.99,1.331,18.06,OpCA-SAR4-2,3130.447162579953,5.224181354502632,SAR/ISR
OpCA,2110017,SAR4-2,15,C- 7500,FLT-1,0,7000,154.0,0.73,1.9,,15.54,19994,16629,1410,3365,49.8,18.668,0.5398,6.838,,1.99,1.331,18.06,OpCA-SAR4-2,3116.432516572078,4.95062855101196,SAR/ISR
OpCA,2110017,SAR4-2,16,C- 8000,FLT-1,0,7750,156.0,0.38,0.9,,15.28,19994,16629,1410,3365,49.807,18.668,0.5398,6.838,,1.99,1.331,18.06,OpCA-SAR4-2,3124.820556455395,5.224181354502624,SAR/ISR
OpCA,2110017,SAR4-2,17,CRUISE,FLT-2,0,8000,203.0,10.98,37.1,,7.43,19994,16629,1410,3365,59.761,21.394,0.7362,6.825,,1.91,1.657,18.06,OpCA-SAR4-2,5250.600860716965,0.0,SAR/ISR
OpCA,2110017,SAR4-2,18,CRUISE,FLT-2,0,8000,202.0,11.01,37.2,,7.4,19994,16629,1410,3365,59.761,21.394,0.7362,6.825,,1.91,1.657,18.06,OpCA-SAR4-2,5198.998216911234,0.0,SAR/ISR
OpCA,2110017,SAR4-2,19,D- 7000,FLT-3,0,7500,223.0,0.55,2.0,,-0.09,19994,16629,1410,3365,64.425,22.359,0.8448,6.925,,1.87,1.969,18.06,OpCA-SAR4-2,6434.85071277819,-4.70423706762331,SAR/ISR
OpCA,2110017,SAR4-2,20,D- 6000,FLT-3,0,6500,220.0,0.55,2.1,,-0.15,19994,16629,1410,3365,64.416,22.359,0.8448,6.925,,1.87,1.969,18.06,OpCA-SAR4-2,6458.401992024523,-4.481160828076371,SAR/ISR
OpCA,2110017,SAR4-2,21,D- 5000,FLT-3,0,5500,217.0,0.56,2.0,,-0.24,19994,16629,1410,3365,64.406,22.359,0.8448,6.925,,1.87,1.969,18.06,OpCA-SAR4-2,6478.200648068861,-4.70423706762331,SAR/ISR
OpCA,2110017,SAR4-2,22,D- 4000,FLT-3,0,4500,213.0,0.55,1.9,,-0.36,19994,16629,1410,3365,64.397,22.359,0.8448,6.925,,1.87,1.969,18.06,OpCA-SAR4-2,6433.613503116796,-4.95062855101196,SAR/ISR
OpCA,2110017,SAR4-2,23,D- 3000,FLT-3,0,3500,210.0,0.56,2.0,,-0.49,19994,16629,1410,3365,64.386,22.359,0.8448,6.925,,1.87,1.969,18.06,OpCA-SAR4-2,6444.69152245498,-4.704237067623303,SAR/ISR
OpCA,2110017,SAR4-2,24,D- 2000,FLT-3,0,2500,207.0,0.55,1.9,,-0.63,19994,16629,1410,3365,64.375,22.359,0.8448,6.925,,1.87,1.969,18.06,OpCA-SAR4-2,6451.790829338689,-4.950628551011955,SAR/ISR
OpCA,2110017,SAR4-2,25,D- 1500,FLT-3,0,1750,205.0,0.28,0.9,,-0.71,19994,16629,1410,3365,64.367,22.359,0.8448,6.925,,1.87,1.969,18.06,OpCA-SAR4-2,6470.232804476414,-5.224181354502632,SAR/ISR
OpCA,2110017,SAR4-2,26,CRUISE,FLT-4,10,1500,137.0,9.98,22.9,,7.06,19576,16629,1410,2947,50.5,18.007,0.5157,6.017,3.276,1.98,1.543,17.69,OpCA-SAR4-2,2911.161523522807,0.0,SAR/ISR
OpCA,2110017,SAR4-2,27,CRUISE,FLT-4,10,1500,137.0,10.02,22.9,,7.03,19576,16629,1410,2947,50.5,18.007,0.5157,6.017,3.276,1.98,1.543,17.69,OpCA-SAR4-2,2911.161523522807,0.0,SAR/ISR
OpCA,2110017,SAR4-2,28,D- 1000,FLT-3,10,1250,136.0,0.45,1.0,,-1.42,19576,16629,1410,2947,51.57,17.57,0.5097,5.759,3.35,1.98,1.595,17.69,OpCA-SAR4-2,2890.083514361937,-4.704237067623306,SAR/ISR
OpCA,2110017,SAR4-2,29,CRUISE,FLT-4,10,1000,136.0,9.98,22.6,,7.0,19576,16629,1410,2947,50.495,18.007,0.5157,6.017,3.276,1.98,1.543,17.69,OpCA-SAR4-2,2911.469495228963,0.0,SAR/ISR
OpCA,2110017,SAR4-2,30,CRUISE,FLT-4,10,1000,135.0,10.02,22.6,,6.97,19576,16629,1410,2947,50.495,18.007,0.5157,6.017,3.276,1.98,1.543,17.69,OpCA-SAR4-2,2868.811178122181,0.0,SAR/ISR
OpCA,2110017,SAR4-2,31,D- 500,FLT-3,10,750,135.0,0.45,1.0,,-1.51,19576,16629,1410,2947,51.564,17.57,0.5097,5.759,3.35,1.98,1.595,17.69,OpCA-SAR4-2,2890.00290254689,-4.704237067623308,SAR/ISR
OpCA,2110017,SAR4-2,32,CRUISE,FLT-4,10,500,134.0,9.98,22.3,,6.94,19576,16629,1410,2947,50.489,18.007,0.5157,6.017,3.276,1.98,1.543,17.69,OpCA-SAR4-2,2868.343341940248,0.0,SAR/ISR
OpCA,2110017,SAR4-2,33,CRUISE,FLT-4,10,500,134.0,10.02,22.3,,6.91,19576,16629,1410,2947,50.489,18.007,0.5157,6.017,3.276,1.98,1.543,17.69,OpCA-SAR4-2,2868.343341940248,0.0,SAR/ISR
OpCA,2110017,SAR4-2,34,CRUISE,FLT-9,10,500,133.0,15.0,33.3,,6.86,19041,16629,1410,2412,49.027,17.475,0.5167,5.876,3.197,1.91,1.569,17.26,OpCA-SAR4-2,2825.691990174931,0.0,SAR/ISR
OpCA,2110017,SAR4-2,35,D- 300,FLT-10,10,400,135.0,0.17,0.39,,-1.54,19041,16629,1410,2412,51.005,17.461,0.5287,5.684,3.255,1.9,1.69,17.26,OpCA-SAR4-2,2919.872269428399,-4.824296296072114,SAR/ISR
OpCA,2110017,SAR4-2,36,CRUISE,FLT-11,10,300,133.0,4.71,10.5,,6.84,19041,16629,1410,2412,49.096,17.524,0.5187,5.885,3.195,1.9,1.576,17.26,OpCA-SAR4-2,2842.32344791419,0.0,SAR/ISR
OpCA,2110017,SAR4-2,37,C- 500,FLT-8,10,400,122.0,0.12,0.23,,20.54,19041,16629,1410,2412,43.868,17.185,0.4637,6.611,3.027,1.93,1.431,17.26,OpCA-SAR4-2,2384.602406484077,8.144413682170871,SAR/ISR
OpCA,2110017,SAR4-2,38,CRUISE,FLT-9,10,500,133.0,15.0,33.3,,6.8,19041,16629,1410,2412,49.018,17.475,0.5167,5.876,3.197,1.91,1.569,17.26,OpCA-SAR4-2,2825.691990174931,0.0,SAR/ISR
OpCA,2110017,SAR4-2,39,D- 300,FLT-10,10,400,135.0,0.17,0.39,,-1.54,19041,16629,1410,2412,51.005,17.461,0.5287,5.684,3.255,1.9,1.69,17.26,OpCA-SAR4-2,2919.872269428399,-4.824296296072114,SAR/ISR
OpCA,2110017,SAR4-2,40,CRUISE,FLT-11,10,300,132.0,3.51,7.7,,6.78,19041,16629,1410,2412,49.096,17.524,0.5187,5.885,3.195,1.9,1.576,17.26,OpCA-SAR4-2,2799.74242503572,0.0,SAR/ISR
OpCA,2110017,SAR4-2,41,C- 1300,FLT-8,10,900,123.0,0.59,1.2,,20.16,19041,16629,1410,2412,43.868,17.185,0.4637,6.611,3.027,1.93,1.431,17.26,OpCA-SAR4-2,2388.492266622386,6.261402966994318,SAR/ISR
OpCA,2110017,SAR4-2,42,C- 2300,FLT-8,10,1800,124.0,0.6,1.2,,19.65,19041,16629,1410,2412,43.868,17.185,0.4637,6.611,3.027,1.93,1.431,17.26,OpCA-SAR4-2,2363.808489422061,7.809339501322961,SAR/ISR
OpCA,2110017,SAR4-2,43,C- 2500,FLT-8,10,2400,125.0,0.13,0.3,,19.55,19041,16629,1410,2412,43.868,17.185,0.4637,6.611,3.027,1.93,1.431,17.26,OpCA-SAR4-2,2359.675166282739,6.261402966994321,SAR/ISR
OpCA,2110017,SAR4-2,44,CRUISE,FLT-9,10,2500,132.0,9.98,21.9,,7.94,18753,16629,1410,2124,47.292,16.752,0.4867,5.734,3.194,1.94,1.506,17.04,OpCA-SAR4-2,2623.538551900799,0.0,SAR/ISR
OpCA,2110017,SAR4-2,45,CRUISE,FLT-9,10,2500,132.0,10.01,22.0,,7.9,18753,16629,1410,2124,47.292,16.752,0.4867,5.734,3.194,1.94,1.506,17.04,OpCA-SAR4-2,2623.538551900799,0.0,SAR/ISR
OpCA,2110017,SAR4-2,46,D- 1500,FLT-3,0,2000,206.0,0.53,1.8,,-0.71,18753,16629,1410,2124,62.948,21.905,0.8556,6.768,,1.82,2.01,17.04,OpCA-SAR4-2,6485.26979225882,-5.224181354502637,SAR/ISR
OpCA,2110017,SAR4-2,47,APPROACH,FLT-3,15,750,117.0,1.5,5.0,,4.92,18753,16629,1410,2124,43.324,16.394,0.4336,5.48,3.305,1.94,1.607,17.04,OpCA-SAR4-2,2170.713291246331,0.0,SAR/ISR
OpCA,2110017,SAR4-2,48,F/APPRO.,FLT-3,23,25,109.0,0.5,0.2,,-3.1,18753,16629,1410,2124,43.615,14.553,0.4016,4.978,3.51,1.95,1.505,17.04,OpCA-SAR4-2,1924.517721398697,0.0,SAR/ISR
OpCA,2110017,SAR4-2,9,C- 1500,FLT-1,0,750,142.0,1.0,2.5,,21.77,19994,16629,1410,3365,48.639,19.394,0.5548,7.438,,1.95,1.286,18.06,OpCA-SAR4-2,3197.477011081236,5.639520585950486,SAR/ISR
OpI,2110017,F1,9,C- 1500,FLT-1,0,750,141.0,1.0,2.5,0.41,,19749,18195,3200,1554,47.738,19.379,0.54,7.352,,1.93,1.299,29.3,OpI-F1,3152.600697148682,5.639520585950486,Ferry
OpI,2110017,F1,10,C- 2500,FLT-1,0,2000,142.0,0.63,1.5,0.88,,19749,18195,3200,1554,47.751,19.379,0.54,7.352,,1.93,1.299,29.3,OpI-F1,3081.557641886768,6.261402966994317,Ferry
OpI,2110017,F1,11,C- 3500,FLT-1,0,3000,144.0,0.65,1.5,1.25,,19749,18195,3200,1554,47.761,19.379,0.54,7.352,,1.93,1.299,29.3,OpI-F1,3076.01137993405,6.261402966994311,Ferry
OpI,2110017,F1,12,C- 4500,FLT-1,0,4000,146.0,0.67,1.7,1.62,,19749,18195,3200,1554,48.798,18.743,0.528,6.81,,1.96,1.375,29.3,OpI-F1,3068.646862377311,5.529633896008854,Ferry
OpI,2110017,F1,13,C- 5500,FLT-1,0,5000,148.0,0.69,1.6,1.94,,19749,18195,3200,1554,48.807,18.743,0.528,6.81,,1.96,1.375,29.3,OpI-F1,3059.500218256654,5.872890681248982,Ferry
OpI,2110017,F1,14,C- 6500,FLT-1,0,6000,151.0,0.71,1.8,2.26,,19749,18195,3200,1554,48.816,18.743,0.528,6.81,,1.96,1.375,29.3,OpI-F1,3089.392562066548,5.224181354502632,Ferry
OpI,2110017,F1,15,C- 7500,FLT-1,0,7000,153.0,0.75,1.9,2.57,,19749,18195,3200,1554,48.825,18.743,0.528,6.81,,1.96,1.375,29.3,OpI-F1,3076.090773335966,4.95062855101196,Ferry
OpI,2110017,F1,16,C- 8500,FLT-1,0,8000,155.0,0.78,2.0,2.89,,19749,18195,3200,1554,48.834,18.743,0.528,6.81,,1.96,1.375,29.3,OpI-F1,3061.119796130095,4.70423706762331,Ferry
OpI,2110017,F1,17,C- 9500,FLT-1,0,9000,158.0,0.82,2.2,3.16,,19749,18195,3200,1554,48.841,18.743,0.528,6.81,,1.96,1.375,29.3,OpI-F1,3083.428625851603,4.278245866885845,Ferry
OpI,2110017,F1,18,C-10500,FLT-1,0,10000,160.0,0.86,2.3,3.44,,19749,18195,3200,1554,48.849,18.743,0.528,6.81,,1.96,1.375,29.3,OpI-F1,3064.525225628682,4.092881607032396,Ferry
OpI,2110017,F1,19,C-11500,FLT-1,0,11000,163.0,0.91,2.4,3.71,,19749,18195,3200,1554,48.857,18.743,0.528,6.81,,1.96,1.375,29.3,OpI-F1,3081.776892619177,3.922888847379481,Ferry
OpI,2110017,F1,20,C-12500,FLT-1,0,12000,165.0,0.94,2.6,3.98,,19749,18195,3200,1554,48.864,18.743,0.528,6.81,,1.96,1.375,29.3,OpI-F1,3059.104839636059,3.621964763266247,Ferry
OpI,2110017,F1,21,C-13500,FLT-1,0,13000,168.0,1.0,2.8,4.21,,19749,18195,3200,1554,48.871,18.743,0.528,6.81,,1.96,1.375,29.3,OpI-F1,3071.437775008509,3.363869852691661,Ferry
OpI,2110017,F1,22,C-14500,FLT-1,0,14000,170.0,1.04,3.0,4.44,,19749,18195,3200,1554,48.877,18.743,0.528,6.81,,1.96,1.375,29.3,OpI-F1,3045.175383508034,3.140076612692634,Ferry
OpI,2110017,F1,23,C-15500,FLT-1,0,15000,173.0,1.12,3.2,4.66,,19749,18195,3200,1554,48.884,18.743,0.528,6.81,,1.96,1.375,29.3,OpI-F1,3052.748305752945,2.944178588411718,Ferry
OpI,2110017,F1,24,C-16500,FLT-1,0,16000,176.0,1.21,3.5,4.89,,19749,18195,3200,1554,48.89,18.743,0.528,6.81,,1.96,1.375,29.3,OpI-F1,3057.734840479131,2.692209067106789,Ferry
OpI,2110017,F1,25,C-17500,FLT-1,0,17000,179.0,1.32,4.0,5.06,,19749,18195,3200,1554,48.895,18.743,0.528,6.81,,1.96,1.375,29.3,OpI-F1,3060.172619290342,2.356089210663771,Ferry
OpI,2110017,F1,26,C-18500,FLT-1,0,18000,182.0,1.48,4.4,5.24,,19749,18195,3200,1554,48.9,18.743,0.528,6.81,,1.96,1.375,29.3,OpI-F1,3060.10250902089,2.142108780228027,Ferry
OpI,2110017,F1,27,C-19500,FLT-1,0,19000,185.0,1.65,5.1,5.41,,19749,18195,3200,1554,48.904,18.743,0.528,6.81,,1.96,1.375,29.3,OpI-F1,3057.568429447294,1.848313986854065,Ferry
OpI,2110017,F1,28,C-20500,FLT-1,0,20000,188.0,1.88,5.9,5.58,,19749,18195,3200,1554,50.556,18.088,0.487,6.218,,2.12,1.359,29.3,OpI-F1,3052.617174537838,1.597835240391113,Ferry
OpI,2110017,F1,29,C-21500,FLT-1,0,21000,191.0,2.16,6.9,5.58,,19749,18195,3200,1554,50.556,18.088,0.487,6.218,,2.12,1.359,29.3,OpI-F1,3045.298237228343,1.366360136337756,Ferry
OpI,2110017,F1,30,C-22500,FLT-1,0,22000,194.0,2.56,8.2,5.58,,19749,18195,3200,1554,50.556,18.088,0.487,6.218,,2.12,1.359,29.3,OpI-F1,3035.663637712372,1.149805694301973,Ferry
OpI,2110017,F1,31,C-23000,FLT-1,0,22750,196.0,1.47,4.9,5.58,,19749,18195,3200,1554,50.556,18.088,0.487,6.218,,2.12,1.359,29.3,OpI-F1,3019.243599111478,0.9621210442090212,Ferry
OpI,2110017,F1,32,CRUISE,FLT-2,0,23000,226.0,12.1,45.6,5.58,,19749,18195,3200,1554,55.188,19.767,0.572,6.406,,2.09,1.5,29.3,OpI-F1,3979.539845559768,0.0,Ferry
OpI,2110017,F1,33,CRUISE,FLT-2,0,23000,225.0,12.17,45.7,5.58,,19749,18195,3200,1554,55.188,19.767,0.572,6.406,,2.09,1.5,29.3,OpI-F1,3944.400592870687,0.0,Ferry
OpI,2110017,F1,34,D-22000,FLT-3,0,22500,282.0,0.39,1.8,5.58,,19749,18195,3200,1554,63.976,21.712,0.79,6.681,,1.94,1.89,29.3,OpI-F1,6304.441024929991,-5.224181354502624,Ferry
OpI,2110017,F1,35,D-21000,FLT-3,0,21500,277.0,0.38,1.8,5.58,,19749,18195,3200,1554,63.976,21.712,0.79,6.681,,1.94,1.89,29.3,OpI-F1,6296.239230109132,-5.224181354502656,Ferry
OpI,2110017,F1,36,D-20000,FLT-3,0,20500,273.0,0.39,1.7,5.58,,19749,18195,3200,1554,63.976,21.712,0.79,6.681,,1.94,1.89,29.3,OpI-F1,6328.488062322356,-5.529633896008871,Ferry
OpI,2110017,F1,37,D-19000,FLT-3,0,19500,268.0,0.38,1.7,5.49,,19749,18195,3200,1554,63.974,21.712,0.79,6.681,,1.94,1.89,29.3,OpI-F1,6309.266049042501,-5.529633896008837,Ferry
OpI,2110017,F1,38,D-18000,FLT-3,0,18500,264.0,0.39,1.8,5.32,,19749,18195,3200,1554,63.969,21.712,0.79,6.681,,1.94,1.89,29.3,OpI-F1,6331.916152929224,-5.224181354502624,Ferry
OpI,2110017,F1,39,D-17000,FLT-3,0,17500,260.0,0.4,1.7,5.15,,19749,18195,3200,1554,63.964,21.712,0.79,6.681,,1.94,1.89,29.3,OpI-F1,6350.052873530161,-5.529633896008837,Ferry
OpI,2110017,F1,40,D-16000,FLT-3,0,16500,256.0,0.4,1.6,4.98,,19749,18195,3200,1554,63.959,21.712,0.79,6.681,,1.94,1.89,29.3,OpI-F1,6363.572576482793,-5.872890681248965,Ferry
OpI,2110017,F1,41,D-15000,FLT-3,0,15500,252.0,0.4,1.7,4.78,,19749,18195,3200,1554,63.953,21.712,0.79,6.681,,1.94,1.89,29.3,OpI-F1,6372.376160980006,-5.529633896008871,Ferry
OpI,2110017,F1,42,D-14000,FLT-3,0,14500,248.0,0.4,1.7,4.55,,19749,18195,3200,1554,63.947,21.712,0.79,6.681,,1.94,1.89,29.3,OpI-F1,6376.36937029992,-5.529633896008871,Ferry
OpI,2110017,F1,43,D-13000,FLT-3,0,13500,244.0,0.41,1.7,4.32,,19749,18195,3200,1554,63.941,21.712,0.79,6.681,,1.94,1.89,29.3,OpI-F1,6375.463108608696,-5.529633896008854,Ferry
OpI,2110017,F1,44,D-12000,FLT-3,0,12500,241.0,0.42,1.6,4.09,,19749,18195,3200,1554,63.934,21.712,0.79,6.681,,1.94,1.89,29.3,OpI-F1,6422.764128302134,-5.872890681248965,Ferry
OpI,2110017,F1,45,D-11000,FLT-3,0,11500,237.0,0.42,1.7,3.84,,19749,18195,3200,1554,63.927,21.712,0.79,6.681,,1.94,1.89,29.3,OpI-F1,6412.624344956228,-5.529633896008854,Ferry
OpI,2110017,F1,46,D-10000,FLT-3,0,10500,233.0,0.42,1.6,3.57,,19749,18195,3200,1554,64.218,21.924,0.829,6.757,,1.87,2.017,29.3,OpI-F1,6397.335695928814,-5.872890681248982,Ferry
OpI,2110017,F1,47,D- 9000,FLT-3,0,9500,230.0,0.42,1.6,3.3,,19749,18195,3200,1554,64.21,21.924,0.829,6.757,,1.87,2.017,29.3,OpI-F1,6432.646041115047,-5.872890681248982,Ferry
OpI,2110017,F1,48,D- 8000,FLT-3,0,8500,226.0,0.43,1.6,3.03,,19749,18195,3200,1554,64.203,21.924,0.829,6.757,,1.87,2.017,29.3,OpI-F1,6407.63147944764,-5.872890681248982,Ferry
OpI,2110017,F1,49,D- 7000,FLT-3,0,7500,223.0,0.43,1.6,2.73,,19749,18195,3200,1554,64.194,21.924,0.829,6.757,,1.87,2.017,29.3,OpI-F1,6434.85071277819,-5.872890681248982,Ferry
OpI,2110017,F1,50,D- 6000,FLT-3,0,6500,220.0,0.44,1.6,2.41,,19749,18195,3200,1554,64.186,21.924,0.829,6.757,,1.87,2.017,29.3,OpI-F1,6458.401992024523,-5.872890681248974,Ferry
OpI,2110017,F1,51,D- 5000,FLT-3,0,5500,217.0,0.43,1.5,2.1,,19749,18195,3200,1554,64.177,21.924,0.829,6.757,,1.87,2.017,29.3,OpI-F1,6478.200648068861,-6.261402966994321,Ferry
OpI,2110017,F1,52,D- 4000,FLT-3,0,4500,213.0,0.43,1.6,1.78,,19749,18195,3200,1554,64.168,21.924,0.829,6.757,,1.87,2.017,29.3,OpI-F1,6433.613503116796,-5.872890681248982,Ferry
OpI,2110017,F1,53,D- 3000,FLT-3,0,3500,210.0,0.43,1.5,1.43,,19749,18195,3200,1554,64.158,21.924,0.829,6.757,,1.87,2.017,29.3,OpI-F1,6444.69152245498,-6.261402966994311,Ferry
OpI,2110017,F1,54,D- 2000,FLT-3,0,2500,207.0,0.43,1.4,1.06,,19749,18195,3200,1554,64.147,21.924,0.829,6.757,,1.87,2.017,29.3,OpI-F1,6451.790829338689,-6.704708200069716,Ferry
OpI,2110017,F1,55,D- 1500,FLT-3,0,1750,205.0,0.21,0.8,0.78,,19749,18195,3200,1554,64.159,21.88,0.861,6.746,,1.8,2.106,29.3,OpI-F1,6470.232804476414,-5.872890681248974,Ferry
OpI,2110017,F1,56,APPROACH,FLT-3,15,750,120.0,1.0,5.0,0.41,,19749,18195,3200,1554,45.028,17.12,0.444,5.652,3.327,1.97,1.475,29.3,OpI-F1,2283.45908349384,0.0,Ferry
OpI,2110017,F1,57,F/APPRO.,FLT-3,23,25,109.0,1.0,0.2,0.14,,19150,18195,3200,955,43.568,14.56,0.393,4.949,3.449,1.99,1.349,29.2,OpI-F1,1924.517721398697,0.0,Ferry
OpI,2110017,F2,9,C- 1500,FLT-1,0,750,142.0,1.0,2.5,0.41,,19991,18195,3200,1796,48.473,19.606,0.547,7.407,,1.92,1.323,29.3,OpI-F2,3197.477011081236,5.639520585950486,Ferry
OpI,2110017,F2,10,C- 2500,FLT-1,0,2000,143.0,0.65,1.5,0.88,,19991,18195,3200,1796,48.486,19.606,0.547,7.407,,1.92,1.323,29.3,OpI-F2,3125.112686914427,6.261402966994317,Ferry
OpI,2110017,F2,11,C- 3500,FLT-1,0,3000,145.0,0.66,1.6,1.25,,19991,18195,3200,1796,48.496,19.606,0.547,7.407,,1.92,1.323,29.3,OpI-F2,3118.882101809095,5.872890681248974,Ferry
OpI,2110017,F2,12,C- 4500,FLT-1,0,4000,147.0,0.68,1.7,1.62,,19991,18195,3200,1796,49.475,18.959,0.532,6.872,,1.96,1.397,29.3,OpI-F2,3110.827080555043,5.529633896008854,Ferry
OpI,2110017,F2,13,C- 5500,FLT-1,0,5000,149.0,0.7,1.7,1.94,,19991,18195,3200,1796,49.484,18.959,0.532,6.872,,1.96,1.397,29.3,OpI-F2,3100.984493495068,5.529633896008854,Ferry
OpI,2110017,F2,14,C- 6500,FLT-1,0,6000,152.0,0.73,1.9,2.26,,19991,18195,3200,1796,49.493,18.959,0.532,6.872,,1.96,1.397,29.3,OpI-F2,3130.447162579953,4.950628551011952,Ferry
OpI,2110017,F2,15,C- 7500,FLT-1,0,7000,154.0,0.77,1.9,2.57,,19991,18195,3200,1796,49.502,18.959,0.532,6.872,,1.96,1.397,29.3,OpI-F2,3116.432516572078,4.95062855101196,Ferry
OpI,2110017,F2,16,C- 8500,FLT-1,0,8000,156.0,0.8,2.1,2.89,,19991,18195,3200,1796,49.511,18.959,0.532,6.872,,1.96,1.397,29.3,OpI-F2,3100.745530015484,4.481160828076377,Ferry
OpI,2110017,F2,17,C- 9500,FLT-1,0,9000,159.0,0.84,2.2,3.16,,19991,18195,3200,1796,49.519,18.959,0.532,6.872,,1.96,1.397,29.3,OpI-F2,3122.582882957635,4.278245866885845,Ferry
OpI,2110017,F2,18,C-10500,FLT-1,0,10000,161.0,0.88,2.4,3.44,,19991,18195,3200,1796,49.526,18.959,0.532,6.872,,1.96,1.397,29.3,OpI-F2,3102.951498965667,3.922888847379481,Ferry
OpI,2110017,F2,19,C-11500,FLT-1,0,11000,164.0,0.93,2.5,3.71,,19991,18195,3200,1796,49.534,18.959,0.532,6.872,,1.96,1.397,29.3,OpI-F2,3119.706097477714,3.766434321437898,Ferry
OpI,2110017,F2,20,C-12500,FLT-1,0,12000,166.0,0.97,2.7,3.98,,19991,18195,3200,1796,49.541,18.959,0.532,6.872,,1.96,1.397,29.3,OpI-F2,3096.297262112442,3.488155481435412,Ferry
OpI,2110017,F2,21,C-13500,FLT-1,0,13000,169.0,1.03,2.9,4.21,,19991,18195,3200,1796,49.548,18.959,0.532,6.872,,1.96,1.397,29.3,OpI-F2,3108.111334042589,3.248127125559191,Ferry
OpI,2110017,F2,22,C-14500,FLT-1,0,14000,171.0,1.08,3.0,4.44,,19991,18195,3200,1796,49.554,18.959,0.532,6.872,,1.96,1.397,29.3,OpI-F2,3081.10634564562,3.140076612692634,Ferry
OpI,2110017,F2,23,C-15500,FLT-1,0,15000,174.0,1.15,3.4,4.66,,19991,18195,3200,1796,49.561,18.959,0.532,6.872,,1.96,1.397,29.3,OpI-F2,3088.142193356816,2.771270008151065,Ferry
OpI,2110017,F2,24,C-16500,FLT-1,0,16000,177.0,1.25,3.7,4.89,,19991,18195,3200,1796,49.567,18.959,0.532,6.872,,1.96,1.397,29.3,OpI-F2,3092.580540333507,2.546881337818606,Ferry
OpI,2110017,F2,25,C-17500,FLT-1,0,17000,180.0,1.38,4.1,5.06,,19991,18195,3200,1796,49.572,18.959,0.532,6.872,,1.96,1.397,29.3,OpI-F2,3094.460000156271,2.298686033360799,Ferry
OpI,2110017,F2,26,C-18500,FLT-1,0,18000,183.0,1.53,4.6,5.24,,19991,18195,3200,1796,49.577,18.959,0.532,6.872,,1.96,1.397,29.3,OpI-F2,3093.822392362051,2.049054809002174,Ferry
OpI,2110017,F2,27,C-19500,FLT-1,0,19000,186.0,1.72,5.4,5.41,,19991,18195,3200,1796,49.582,18.959,0.532,6.872,,1.96,1.397,29.3,OpI-F2,3090.712560559784,1.745695279685133,Ferry
OpI,2110017,F2,28,C-20500,FLT-1,0,20000,189.0,1.97,6.2,5.58,,19991,18195,3200,1796,51.227,18.309,0.49,6.287,,2.11,1.379,29.3,OpI-F2,3085.178194082902,1.520557850977935,Ferry
OpI,2110017,F2,29,C-21500,FLT-1,0,21000,192.0,2.29,7.3,5.58,,19991,18195,3200,1796,51.227,18.309,0.49,6.287,,2.11,1.379,29.3,OpI-F2,3077.269653167009,1.291517180786756,Ferry
OpI,2110017,F2,30,C-22500,FLT-1,0,22000,195.0,2.72,8.9,5.58,,19991,18195,3200,1796,51.227,18.309,0.49,6.287,,2.11,1.379,29.3,OpI-F2,3067.0397976409,1.05939302804041,Ferry
OpI,2110017,F2,31,C-23000,FLT-1,0,22750,198.0,1.59,5.2,5.58,,19991,18195,3200,1796,51.227,18.309,0.49,6.287,,2.11,1.379,29.3,OpI-F2,3081.17518897247,0.9066236093868132,Ferry
OpI,2110017,F2,32,CRUISE,FLT-2,0,23000,226.0,14.23,53.8,5.58,,19991,18195,3200,1796,55.793,19.982,0.575,6.479,,2.07,1.483,29.3,OpI-F2,3979.539845559768,0.0,Ferry
OpI,2110017,F2,33,CRUISE,FLT-2,0,23000,226.0,14.35,54.1,5.58,,19991,18195,3200,1796,55.793,19.982,0.575,6.479,,2.07,1.483,29.3,OpI-F2,3979.539845559768,0.0,Ferry
OpI,2110017,F2,34,CRUISE,FLT-2,0,23000,226.0,14.43,54.3,5.58,,19991,18195,3200,1796,55.793,19.982,0.575,6.479,,2.07,1.483,29.3,OpI-F2,3979.539845559768,0.0,Ferry
OpI,2110017,F2,35,CRUISE,FLT-2,0,23000,225.0,14.52,54.5,5.58,,19991,18195,3200,1796,55.793,19.982,0.575,6.479,,2.07,1.483,29.3,OpI-F2,3944.400592870687,0.0,Ferry
OpI,2110017,F2,36,CRUISE,FLT-2,0,23000,225.0,14.6,54.9,5.58,,19991,18195,3200,1796,55.793,19.982,0.575,6.479,,2.07,1.483,29.3,OpI-F2,3944.400592870687,0.0,Ferry
OpI,2110017,F2,37,CRUISE,FLT-2,0,23000,225.0,14.69,55.1,5.58,,19991,18195,3200,1796,55.793,19.982,0.575,6.479,,2.07,1.483,29.3,OpI-F2,3944.400592870687,0.0,Ferry
OpI,2110017,F2,38,CRUISE,FLT-2,0,23000,225.0,8.25,30.9,5.58,,19991,18195,3200,1796,55.793,19.982,0.575,6.479,,2.07,1.483,29.3,OpI-F2,3944.400592870687,0.0,Ferry
OpI,2110017,F2,39,CRUISE,FLT-2,0,23000,224.0,8.28,30.9,5.58,,19991,18195,3200,1796,55.793,19.982,0.575,6.479,,2.07,1.483,29.3,OpI-F2,3909.417168353177,0.0,Ferry
OpI,2110017,F2,40,D-22000,FLT-3,0,22500,282.0,0.38,1.8,5.58,,18790,18195,3200,595,61.587,20.759,0.768,6.382,,1.98,1.824,29.0,OpI-F2,6304.441024929991,-5.224181354502624,Ferry
OpI,2110017,F2,41,D-21000,FLT-3,0,21500,277.0,0.38,1.7,5.58,,18790,18195,3200,595,61.587,20.759,0.768,6.382,,1.98,1.824,29.0,OpI-F2,6296.239230109132,-5.529633896008871,Ferry
OpI,2110017,F2,42,D-20000,FLT-3,0,20500,273.0,0.38,1.7,5.58,,18790,18195,3200,595,61.587,20.759,0.768,6.382,,1.98,1.824,29.0,OpI-F2,6328.488062322356,-5.529633896008871,Ferry
OpI,2110017,F2,43,D-19000,FLT-3,0,19500,268.0,0.37,1.7,5.49,,18790,18195,3200,595,61.584,20.759,0.768,6.382,,1.98,1.824,29.0,OpI-F2,6309.266049042501,-5.529633896008837,Ferry
OpI,2110017,F2,44,D-18000,FLT-3,0,18500,264.0,0.39,1.7,5.32,,18790,18195,3200,595,61.58,20.759,0.768,6.382,,1.98,1.824,29.0,OpI-F2,6331.916152929224,-5.529633896008837,Ferry
OpI,2110017,F2,45,D-17000,FLT-3,0,17500,260.0,0.38,1.7,5.15,,18790,18195,3200,595,61.575,20.759,0.768,6.382,,1.98,1.824,29.0,OpI-F2,6350.052873530161,-5.529633896008837,Ferry
OpI,2110017,F2,46,D-16000,FLT-3,0,16500,256.0,0.39,1.6,4.98,,18790,18195,3200,595,61.57,20.759,0.768,6.382,,1.98,1.824,29.0,OpI-F2,6363.572576482793,-5.872890681248965,Ferry
OpI,2110017,F2,47,D-15000,FLT-3,0,15500,252.0,0.4,1.7,4.78,,18790,18195,3200,595,61.564,20.759,0.768,6.382,,1.98,1.824,29.0,OpI-F2,6372.376160980006,-5.529633896008871,Ferry
OpI,2110017,F2,48,D-14000,FLT-3,0,14500,248.0,0.4,1.6,4.55,,18790,18195,3200,595,61.558,20.759,0.768,6.382,,1.98,1.824,29.0,OpI-F2,6376.36937029992,-5.872890681248999,Ferry
OpI,2110017,F2,49,D-13000,FLT-3,0,13500,244.0,0.4,1.6,4.32,,18790,18195,3200,595,61.551,20.759,0.768,6.382,,1.98,1.824,29.0,OpI-F2,6375.463108608696,-5.872890681248982,Ferry
OpI,2110017,F2,50,D-12000,FLT-3,0,12500,241.0,0.41,1.6,4.09,,18790,18195,3200,595,61.545,20.759,0.768,6.382,,1.98,1.824,29.0,OpI-F2,6422.764128302134,-5.872890681248965,Ferry
OpI,2110017,F2,51,D-11000,FLT-3,0,11500,237.0,0.41,1.7,3.84,,18790,18195,3200,595,61.538,20.759,0.768,6.382,,1.98,1.824,29.0,OpI-F2,6412.624344956228,-5.529633896008854,Ferry
OpI,2110017,F2,52,D-10000,FLT-3,0,10500,233.0,0.41,1.6,3.57,,18790,18195,3200,595,61.799,20.96,0.809,6.454,,1.91,1.986,29.0,OpI-F2,6397.335695928814,-5.872890681248982,Ferry
OpI,2110017,F2,53,D- 9000,FLT-3,0,9500,230.0,0.42,1.5,3.3,,18790,18195,3200,595,61.792,20.96,0.809,6.454,,1.91,1.986,29.0,OpI-F2,6432.646041115047,-6.261402966994321,Ferry
OpI,2110017,F2,54,D- 8000,FLT-3,0,8500,226.0,0.42,1.6,3.03,,18790,18195,3200,595,61.784,20.96,0.809,6.454,,1.91,1.986,29.0,OpI-F2,6407.63147944764,-5.872890681248982,Ferry
OpI,2110017,F2,55,D- 7000,FLT-3,0,7500,223.0,0.42,1.6,2.73,,18790,18195,3200,595,61.776,20.96,0.809,6.454,,1.91,1.986,29.0,OpI-F2,6434.85071277819,-5.872890681248982,Ferry
OpI,2110017,F2,56,D- 6000,FLT-3,0,6500,220.0,0.42,1.5,2.41,,18790,18195,3200,595,61.767,20.96,0.809,6.454,,1.91,1.986,29.0,OpI-F2,6458.401992024523,-6.261402966994311,Ferry
OpI,2110017,F2,57,D- 5000,FLT-3,0,5500,217.0,0.43,1.5,2.1,,18790,18195,3200,595,61.758,20.96,0.809,6.454,,1.91,1.986,29.0,OpI-F2,6478.200648068861,-6.261402966994321,Ferry
OpI,2110017,F2,58,D- 4000,FLT-3,0,4500,213.0,0.42,1.5,1.78,,18790,18195,3200,595,61.749,20.96,0.809,6.454,,1.91,1.986,29.0,OpI-F2,6433.613503116796,-6.261402966994321,Ferry
OpI,2110017,F2,59,D- 3000,FLT-3,0,3500,210.0,0.42,1.5,1.43,,18790,18195,3200,595,61.74,20.96,0.809,6.454,,1.91,1.986,29.0,OpI-F2,6444.69152245498,-6.261402966994311,Ferry
OpI,2110017,F2,60,D- 2000,FLT-3,0,2500,207.0,0.42,1.5,1.06,,18790,18195,3200,595,61.729,20.96,0.809,6.454,,1.91,1.986,29.0,OpI-F2,6451.790829338689,-6.261402966994317,Ferry
OpI,2110017,F2,61,D- 1500,FLT-3,0,1750,205.0,0.21,0.7,0.78,,18790,18195,3200,595,61.743,20.914,0.841,6.444,,1.84,2.039,29.0,OpI-F2,6470.232804476414,-6.704708200069711,Ferry
OpI,2110017,F2,62,APPROACH,FLT-3,15,750,119.0,1.0,5.0,0.41,,18790,18195,3200,595,42.842,16.554,0.433,5.436,3.203,2.0,1.44,29.0,OpI-F2,2245.560005649741,0.0,Ferry
OpI,2110017,F2,63,F/APPRO.,FLT-3,23,25,108.0,1.0,0.2,0.14,,18790,18195,3200,595,42.702,14.267,0.387,4.85,3.412,1.99,1.311,29.0,OpI-F2,1889.367452436192,0.0,Ferry
OpI,2110017,ISR1,9,C- 1500,FLT-1,0,750,136.0,1.0,2.5,0.41,,18571,15707,0,2864,44.637,18.383,0.521,7.149,,1.92,1.019,16.4,OpI-ISR1,2932.976333909864,5.639520585950486,SAR/ISR
OpI,2110017,ISR1,10,C- 2500,FLT-1,0,2000,138.0,0.57,1.3,0.88,,18571,15707,0,2864,44.65,18.383,0.521,7.149,,1.92,1.019,16.4,OpI-ISR1,2910.393956164035,7.215210799943848,SAR/ISR
OpI,2110017,ISR1,11,C- 3500,FLT-1,0,3000,140.0,0.59,1.4,1.25,,18571,15707,0,2864,45.559,17.73,0.511,6.61,,1.95,1.096,16.4,OpI-ISR1,2907.495324397539,6.704708200069711,SAR/ISR
OpI,2110017,ISR1,12,C- 4500,FLT-1,0,4000,142.0,0.6,1.4,1.62,,18571,15707,0,2864,45.569,17.73,0.511,6.61,,1.95,1.096,16.4,OpI-ISR1,2902.805185446431,6.704708200069721,SAR/ISR
OpI,2110017,ISR1,13,C- 5500,FLT-1,0,5000,144.0,0.62,1.5,1.94,,18571,15707,0,2864,45.578,17.73,0.511,6.61,,1.95,1.096,16.4,OpI-ISR1,2896.356671191105,6.261402966994321,SAR/ISR
OpI,2110017,ISR1,14,C- 6500,FLT-1,0,6000,146.0,0.65,1.5,2.26,,18571,15707,0,2864,45.587,17.73,0.511,6.61,,1.95,1.096,16.4,OpI-ISR1,2888.184371431539,6.261402966994311,SAR/ISR
OpI,2110017,ISR1,15,C- 7500,FLT-1,0,7000,148.0,0.66,1.7,2.57,,18571,15707,0,2864,45.596,17.73,0.511,6.61,,1.95,1.096,16.4,OpI-ISR1,2878.324247048187,5.529633896008854,SAR/ISR
OpI,2110017,ISR1,16,C- 8500,FLT-1,0,8000,151.0,0.7,1.7,2.89,,18571,15707,0,2864,45.605,17.73,0.511,6.61,,1.95,1.096,16.4,OpI-ISR1,2905.165139294997,5.529633896008854,SAR/ISR
OpI,2110017,ISR1,17,C- 9500,FLT-1,0,9000,153.0,0.73,1.8,3.16,,18571,15707,0,2864,45.613,17.73,0.511,6.61,,1.95,1.096,16.4,OpI-ISR1,2891.362790520757,5.22418135450264,SAR/ISR
OpI,2110017,ISR1,18,C-10500,FLT-1,0,10000,155.0,0.76,2.0,3.44,,18571,15707,0,2864,45.62,17.73,0.511,6.61,,1.95,1.096,16.4,OpI-ISR1,2875.985099442542,4.70423706762331,SAR/ISR
OpI,2110017,ISR1,19,C-11500,FLT-1,0,11000,158.0,0.8,2.1,3.71,,18571,15707,0,2864,45.628,17.73,0.511,6.61,,1.95,1.096,16.4,OpI-ISR1,2895.610611891495,4.481160828076377,SAR/ISR
OpI,2110017,ISR1,20,C-12500,FLT-1,0,12000,160.0,0.83,2.2,3.98,,18571,15707,0,2864,45.636,17.73,0.511,6.61,,1.95,1.096,16.4,OpI-ISR1,2876.513641677983,4.278245866885832,SAR/ISR
OpI,2110017,ISR1,21,C-13500,FLT-1,0,13000,163.0,0.87,2.3,4.21,,18571,15707,0,2864,45.642,17.73,0.511,6.61,,1.95,1.096,16.4,OpI-ISR1,2891.334688357465,4.092881607032396,SAR/ISR
OpI,2110017,ISR1,22,C-14500,FLT-1,0,14000,165.0,0.91,2.5,4.44,,18571,15707,0,2864,45.648,17.73,0.511,6.61,,1.95,1.096,16.4,OpI-ISR1,2868.681654533088,3.766434321437909,SAR/ISR
OpI,2110017,ISR1,23,C-15000,FLT-1,0,14750,167.0,0.47,1.4,4.61,,18571,15707,0,2864,45.653,17.73,0.511,6.61,,1.95,1.096,16.4,OpI-ISR1,2867.944699641873,3.363869852691651,SAR/ISR
OpI,2110017,ISR1,24,CRUISE,FLT-2,0,15000,250.0,9.93,41.3,4.66,,18571,15707,0,2864,60.468,20.879,0.803,6.524,,1.91,1.507,16.4,OpI-ISR1,6374.979755740554,0.0,SAR/ISR
OpI,2110017,ISR1,25,CRUISE,FLT-2,0,15000,250.0,9.92,41.4,4.66,,18571,15707,0,2864,60.468,20.879,0.803,6.524,,1.91,1.507,16.4,OpI-ISR1,6374.979755740554,0.0,SAR/ISR
OpI,2110017,ISR1,26,CRUISE,FLT-2,0,15000,250.0,8.58,35.7,4.66,,18571,15707,0,2864,60.468,20.879,0.803,6.524,,1.91,1.507,16.4,OpI-ISR1,6374.979755740554,0.0,SAR/ISR
OpI,2110017,ISR1,27,CRUISE,FLT-2,0,15000,251.0,8.57,35.8,4.66,,18571,15707,0,2864,60.468,20.879,0.803,6.524,,1.91,1.507,16.4,OpI-ISR1,6426.081593462572,0.0,SAR/ISR
OpI,2110017,ISR1,28,D-14000,FLT-3,0,14500,248.0,0.39,1.6,4.55,,17956,15707,0,2249,60.238,20.204,0.832,6.228,,1.85,1.857,15.9,OpI-ISR1,6376.36937029992,-5.872890681248999,SAR/ISR
OpI,2110017,ISR1,29,D-13000,FLT-3,0,13500,244.0,0.38,1.6,4.32,,17956,15707,0,2249,60.231,20.204,0.832,6.228,,1.85,1.857,15.9,OpI-ISR1,6375.463108608696,-5.872890681248982,SAR/ISR
OpI,2110017,ISR1,30,D-12000,FLT-3,0,12500,241.0,0.4,1.5,4.09,,17956,15707,0,2249,60.225,20.204,0.832,6.228,,1.85,1.857,15.9,OpI-ISR1,6422.764128302134,-6.261402966994303,SAR/ISR
OpI,2110017,ISR1,31,D-11000,FLT-3,0,11500,237.0,0.4,1.6,3.84,,17956,15707,0,2249,60.218,20.204,0.832,6.228,,1.85,1.857,15.9,OpI-ISR1,6412.624344956228,-5.872890681248982,SAR/ISR
OpI,2110017,ISR1,32,D-10000,FLT-3,0,10500,233.0,0.4,1.5,3.57,,17956,15707,0,2249,60.21,20.204,0.832,6.228,,1.85,1.857,15.9,OpI-ISR1,6397.335695928814,-6.261402966994321,SAR/ISR
OpI,2110017,ISR1,33,D- 9000,FLT-3,0,9500,230.0,0.4,1.6,3.3,,17956,15707,0,2249,60.202,20.204,0.832,6.228,,1.85,1.857,15.9,OpI-ISR1,6432.646041115047,-5.872890681248982,SAR/ISR
OpI,2110017,ISR1,34,D- 8000,FLT-3,0,8500,226.0,0.41,1.5,3.03,,17956,15707,0,2249,60.195,20.204,0.832,6.228,,1.85,1.857,15.9,OpI-ISR1,6407.63147944764,-6.261402966994321,SAR/ISR
OpI,2110017,ISR1,35,D- 7000,FLT-3,0,7500,223.0,0.41,1.5,2.73,,17956,15707,0,2249,60.187,20.204,0.832,6.228,,1.85,1.857,15.9,OpI-ISR1,6434.85071277819,-6.261402966994321,SAR/ISR
OpI,2110017,ISR1,36,D- 6000,FLT-3,0,6500,220.0,0.41,1.5,2.41,,17956,15707,0,2249,60.178,20.204,0.832,6.228,,1.85,1.857,15.9,OpI-ISR1,6458.401992024523,-6.261402966994311,SAR/ISR
OpI,2110017,ISR1,37,D- 5000,FLT-3,0,5500,217.0,0.41,1.5,2.1,,17956,15707,0,2249,60.169,20.204,0.832,6.228,,1.85,1.857,15.9,OpI-ISR1,6478.200648068861,-6.261402966994321,SAR/ISR
OpI,2110017,ISR1,38,D- 4000,FLT-3,0,4500,213.0,0.41,1.4,1.78,,17956,15707,0,2249,60.16,20.204,0.832,6.228,,1.85,1.857,15.9,OpI-ISR1,6433.613503116796,-6.704708200069721,SAR/ISR
OpI,2110017,ISR1,39,D- 3000,FLT-3,0,3500,210.0,0.4,1.4,1.43,,17956,15707,0,2249,60.15,20.204,0.832,6.228,,1.85,1.857,15.9,OpI-ISR1,6444.69152245498,-6.704708200069711,SAR/ISR
OpI,2110017,ISR1,40,D- 2000,FLT-3,0,2500,207.0,0.41,1.4,1.06,,17956,15707,0,2249,60.14,20.204,0.832,6.228,,1.85,1.857,15.9,OpI-ISR1,6451.790829338689,-6.704708200069716,SAR/ISR
OpI,2110017,ISR1,41,D- 1000,FLT-3,0,1500,204.0,0.4,1.4,0.69,,17956,15707,0,2249,60.129,20.204,0.832,6.228,,1.85,1.857,15.9,OpI-ISR1,6454.840319831911,-6.704708200069717,SAR/ISR
OpI,2110017,ISR1,42,CRUISE,FLT-2,0,1000,136.0,14.32,32.5,0.5,,17956,15707,0,2249,46.724,16.547,0.516,5.626,,1.92,1.221,15.9,OpI-ISR1,2911.469495228963,0.0,SAR/ISR
OpI,2110017,ISR1,43,CRUISE,FLT-2,0,1000,136.0,14.38,32.6,0.5,,17956,15707,0,2249,46.724,16.547,0.516,5.626,,1.92,1.221,15.9,OpI-ISR1,2911.469495228963,0.0,SAR/ISR
OpI,2110017,ISR1,44,CRUISE,FLT-2,0,1000,135.0,14.44,32.7,0.5,,17956,15707,0,2249,46.724,16.547,0.516,5.626,,1.92,1.221,15.9,OpI-ISR1,2868.811178122181,0.0,SAR/ISR
OpI,2110017,ISR1,45,CRUISE,FLT-2,0,1000,135.0,14.52,32.7,0.5,,17956,15707,0,2249,46.454,16.399,0.508,5.597,,1.93,1.2,15.9,OpI-ISR1,2868.811178122181,0.0,SAR/ISR
OpI,2110017,ISR1,46,CRUISE,FLT-2,0,1000,134.0,14.59,32.7,0.5,,17956,15707,0,2249,46.454,16.399,0.508,5.597,,1.93,1.2,15.9,OpI-ISR1,2826.467682543862,0.0,SAR/ISR
OpI,2110017,ISR1,47,CRUISE,FLT-2,0,1000,134.0,14.66,32.8,0.5,,17337,15707,0,1630,44.908,15.884,0.499,5.415,,1.94,1.161,15.3,OpI-ISR1,2826.467682543862,0.0,SAR/ISR
OpI,2110017,ISR1,48,CRUISE,FLT-2,0,1000,133.0,14.74,32.8,0.5,,17337,15707,0,1630,44.908,15.884,0.499,5.415,,1.94,1.161,15.3,OpI-ISR1,2784.439008494007,0.0,SAR/ISR
OpI,2110017,ISR1,49,CRUISE,FLT-2,0,1000,133.0,14.8,32.9,0.5,,17337,15707,0,1630,44.908,15.884,0.499,5.415,,1.94,1.161,15.3,OpI-ISR1,2784.439008494007,0.0,SAR/ISR
OpI,2110017,ISR1,50,CRUISE,FLT-2,0,1000,133.0,1.8,3.9,0.5,,17337,15707,0,1630,44.908,15.884,0.499,5.415,,1.94,1.161,15.3,OpI-ISR1,2784.439008494007,0.0,SAR/ISR
OpI,2110017,ISR1,51,CRUISE,FLT-2,0,1000,133.0,1.79,4.0,0.5,,17337,15707,0,1630,44.908,15.884,0.499,5.415,,1.94,1.161,15.3,OpI-ISR1,2784.439008494007,0.0,SAR/ISR
OpI,2110017,ISR1,52,C- 2000,FLT-1,0,1500,131.0,0.5,1.1,0.69,,17337,15707,0,1630,41.426,16.617,0.48,6.423,,1.95,0.96,15.3,OpI-ISR1,2661.753045190202,8.509309814271294,SAR/ISR
OpI,2110017,ISR1,53,C- 3000,FLT-1,0,2500,133.0,0.5,1.1,1.06,,17337,15707,0,1630,41.436,16.617,0.48,6.423,,1.95,0.96,15.3,OpI-ISR1,2663.439706414901,8.5093098142713,SAR/ISR
OpI,2110017,ISR1,54,C- 4000,FLT-1,0,3500,135.0,0.52,1.1,1.43,,17337,15707,0,1630,41.447,16.617,0.48,6.423,,1.95,0.96,15.3,OpI-ISR1,2663.367414892108,8.5093098142713,SAR/ISR
OpI,2110017,ISR1,55,C- 5000,FLT-1,0,4500,137.0,0.53,1.2,1.78,,17337,15707,0,1630,41.457,16.617,0.48,6.423,,1.95,0.96,15.3,OpI-ISR1,2661.563883709122,7.809339501322949,SAR/ISR
OpI,2110017,ISR1,56,C- 6000,FLT-1,0,5500,138.0,0.55,1.3,2.1,,17337,15707,0,1630,41.466,16.617,0.48,6.423,,1.95,0.96,15.3,OpI-ISR1,2619.950585950506,7.215210799943852,SAR/ISR
OpI,2110017,ISR1,57,C- 7000,FLT-1,0,6500,141.0,0.56,1.3,2.41,,17337,15707,0,1630,41.474,16.617,0.48,6.423,,1.95,0.96,15.3,OpI-ISR1,2652.882024864453,7.215210799943844,SAR/ISR
OpI,2110017,ISR1,58,C- 8000,FLT-1,0,7500,143.0,0.59,1.4,2.73,,17337,15707,0,1630,42.28,16.225,0.467,6.053,,2.0,1.006,15.3,OpI-ISR1,2646.066927257761,6.704708200069721,SAR/ISR
OpI,2110017,ISR1,59,C- 9000,FLT-1,0,8500,145.0,0.61,1.4,3.03,,17337,15707,0,1630,42.289,16.225,0.467,6.053,,2.0,1.006,15.3,OpI-ISR1,2637.64687632913,6.704708200069721,SAR/ISR
OpI,2110017,ISR1,60,C-10000,FLT-1,0,9500,147.0,0.64,1.6,3.3,,17337,15707,0,1630,42.296,16.225,0.467,6.053,,2.0,1.006,15.3,OpI-ISR1,2627.656867721267,5.872890681248965,SAR/ISR
OpI,2110017,ISR1,61,C-11000,FLT-1,0,10500,149.0,0.66,1.6,3.57,,17337,15707,0,1630,42.304,16.225,0.467,6.053,,2.0,1.006,15.3,OpI-ISR1,2616.133098515641,5.872890681248982,SAR/ISR
OpI,2110017,ISR1,62,C-12000,FLT-1,0,11500,152.0,0.68,1.8,3.84,,17337,15707,0,1630,42.312,16.225,0.467,6.053,,2.0,1.006,15.3,OpI-ISR1,2637.705368902217,5.22418135450264,SAR/ISR
OpI,2110017,ISR1,63,C-13000,FLT-1,0,12500,154.0,0.71,1.8,4.09,,17337,15707,0,1630,42.319,16.225,0.467,6.053,,2.0,1.006,15.3,OpI-ISR1,2622.583531048251,5.22418135450264,SAR/ISR
OpI,2110017,ISR1,64,C-14000,FLT-1,0,13500,157.0,0.74,1.9,4.32,,17337,15707,0,1630,42.325,16.225,0.467,6.053,,2.0,1.006,15.3,OpI-ISR1,2639.55909305455,4.950628551011944,SAR/ISR
OpI,2110017,ISR1,65,C-15000,FLT-1,0,14500,159.0,0.78,2.0,4.55,,17337,15707,0,1630,42.331,16.225,0.467,6.053,,2.0,1.006,15.3,OpI-ISR1,2620.983904307887,4.704237067623295,SAR/ISR
OpI,2110017,ISR1,66,C-16000,FLT-1,0,15500,162.0,0.81,2.2,4.78,,17337,15707,0,1630,42.338,16.225,0.467,6.053,,2.0,1.006,15.3,OpI-ISR1,2633.481984894798,4.278245866885832,SAR/ISR
OpI,2110017,ISR1,67,C-17000,FLT-1,0,16500,164.0,0.87,2.4,4.98,,17337,15707,0,1630,42.343,16.225,0.467,6.053,,2.0,1.006,15.3,OpI-ISR1,2611.612671159075,3.922888847379492,SAR/ISR
OpI,2110017,ISR1,68,C-18000,FLT-1,0,17500,167.0,0.94,2.6,5.15,,17337,15707,0,1630,42.348,16.225,0.467,6.053,,2.0,1.006,15.3,OpI-ISR1,2619.772553104774,3.621964763266269,SAR/ISR
OpI,2110017,ISR1,69,C-19000,FLT-1,0,18500,170.0,1.01,2.9,5.32,,17337,15707,0,1630,42.353,16.225,0.467,6.053,,2.0,1.006,15.3,OpI-ISR1,2625.579327646559,3.2481271255592,SAR/ISR
OpI,2110017,ISR1,70,C-20000,FLT-1,0,19500,173.0,1.11,3.2,5.49,,17337,15707,0,1630,42.358,16.225,0.467,6.053,,2.0,1.006,15.3,OpI-ISR1,2629.065821755862,2.944178588411701,SAR/ISR
OpI,2110017,ISR1,71,C-21000,FLT-1,0,20500,176.0,1.22,3.5,5.58,,17337,15707,0,1630,42.36,16.225,0.467,6.053,,2.0,1.006,15.3,OpI-ISR1,2630.268032826112,2.692209067106789,SAR/ISR
OpI,2110017,ISR1,72,C-22000,FLT-1,0,21500,179.0,1.34,4.0,5.58,,17337,15707,0,1630,42.36,16.225,0.467,6.053,,2.0,1.006,15.3,OpI-ISR1,2629.22494978335,2.356089210663771,SAR/ISR
OpI,2110017,ISR1,73,C-23000,FLT-1,0,22500,182.0,1.5,4.5,5.58,,17337,15707,0,1630,42.36,16.225,0.467,6.053,,2.0,1.006,15.3,OpI-ISR1,2625.978377719695,2.094549243186013,SAR/ISR
OpI,2110017,ISR1,74,C-24000,FLT-1,0,23500,185.0,1.69,5.3,5.58,,17337,15707,0,1630,42.36,16.225,0.467,6.053,,2.0,1.006,15.3,OpI-ISR1,2620.572766037752,1.778611966104868,SAR/ISR
OpI,2110017,ISR1,75,C-25000,FLT-1,0,24500,188.0,1.96,6.1,5.58,,17337,15707,0,1630,42.36,16.225,0.467,6.053,,2.0,1.006,15.3,OpI-ISR1,2613.055040094077,1.545473037117959,SAR/ISR
OpI,2110017,ISR1,76,CRUISE,FLT-2,0,25000,220.0,14.22,52.3,5.58,,16844,15707,0,1137,47.468,16.885,0.526,5.482,,2.07,1.079,14.8,OpI-ISR1,3515.774483479898,0.0,SAR/ISR
OpI,2110017,ISR1,77,CRUISE,FLT-2,0,25000,220.0,14.41,52.8,5.58,,16844,15707,0,1137,47.468,16.885,0.526,5.482,,2.07,1.079,14.8,OpI-ISR1,3515.774483479898,0.0,SAR/ISR
OpI,2110017,ISR1,78,D-24000,FLT-3,0,24500,291.0,1.0,4.8,5.58,,16844,15707,0,1137,56.471,18.789,0.764,5.79,,1.95,1.351,14.8,OpI-ISR1,6260.641519075557,-1.963745822394747,SAR/ISR
OpI,2110017,ISR1,79,D-23000,FLT-3,0,23500,286.0,0.34,1.7,5.58,,16844,15707,0,1137,56.471,18.789,0.764,5.79,,1.95,1.351,14.8,OpI-ISR1,6263.034915144602,-5.529633896008837,SAR/ISR
OpI,2110017,ISR1,80,D-22000,FLT-3,0,22500,282.0,0.35,1.6,5.58,,16844,15707,0,1137,56.471,18.789,0.764,5.79,,1.95,1.351,14.8,OpI-ISR1,6304.441024929991,-5.872890681248965,SAR/ISR
OpI,2110017,ISR1,81,D-21000,FLT-3,0,21500,277.0,0.34,1.6,5.58,,16844,15707,0,1137,56.471,18.789,0.764,5.79,,1.95,1.351,14.8,OpI-ISR1,6296.239230109132,-5.872890681248999,SAR/ISR
OpI,2110017,ISR1,82,D-20000,FLT-3,0,20500,273.0,0.34,1.5,5.58,,16844,15707,0,1137,56.471,18.789,0.764,5.79,,1.95,1.351,14.8,OpI-ISR1,6328.488062322356,-6.261402966994341,SAR/ISR
OpI,2110017,ISR1,83,D-19000,FLT-3,0,19500,268.0,0.34,1.5,5.49,,16844,15707,0,1137,56.469,18.789,0.764,5.79,,1.95,1.351,14.8,OpI-ISR1,6309.266049042501,-6.261402966994303,SAR/ISR
OpI,2110017,ISR1,84,D-18000,FLT-3,0,18500,264.0,0.35,1.5,5.32,,16844,15707,0,1137,56.464,18.789,0.764,5.79,,1.95,1.351,14.8,OpI-ISR1,6331.916152929224,-6.261402966994303,SAR/ISR
OpI,2110017,ISR1,85,D-17000,FLT-3,0,17500,260.0,0.35,1.5,5.15,,16844,15707,0,1137,56.459,18.789,0.764,5.79,,1.95,1.351,14.8,OpI-ISR1,6350.052873530161,-6.261402966994303,SAR/ISR
OpI,2110017,ISR1,86,D-16000,FLT-3,0,16500,256.0,0.35,1.5,4.98,,16844,15707,0,1137,56.454,18.789,0.764,5.79,,1.95,1.351,14.8,OpI-ISR1,6363.572576482793,-6.261402966994303,SAR/ISR
OpI,2110017,ISR1,87,D-15000,FLT-3,0,15500,252.0,0.35,1.5,4.78,,16844,15707,0,1137,56.449,18.789,0.764,5.79,,1.95,1.351,14.8,OpI-ISR1,6372.376160980006,-6.261402966994341,SAR/ISR
OpI,2110017,ISR1,88,D-14000,FLT-3,0,14500,248.0,0.36,1.5,4.55,,16844,15707,0,1137,56.442,18.789,0.764,5.79,,1.95,1.351,14.8,OpI-ISR1,6376.36937029992,-6.261402966994341,SAR/ISR
OpI,2110017,ISR1,89,D-13000,FLT-3,0,13500,244.0,0.37,1.5,4.32,,16844,15707,0,1137,57.356,19.111,0.787,5.884,,1.92,1.692,14.8,OpI-ISR1,6375.463108608696,-6.261402966994321,SAR/ISR
OpI,2110017,ISR1,90,D-12000,FLT-3,0,12500,241.0,0.36,1.4,4.09,,16844,15707,0,1137,57.349,19.111,0.787,5.884,,1.92,1.692,14.8,OpI-ISR1,6422.764128302134,-6.7047082000697,SAR/ISR
OpI,2110017,ISR1,91,D-11000,FLT-3,0,11500,237.0,0.37,1.5,3.84,,16844,15707,0,1137,57.342,19.111,0.787,5.884,,1.92,1.692,14.8,OpI-ISR1,6412.624344956228,-6.261402966994321,SAR/ISR
OpI,2110017,ISR1,92,D-10000,FLT-3,0,10500,233.0,0.38,1.4,3.57,,16844,15707,0,1137,57.334,19.111,0.787,5.884,,1.92,1.692,14.8,OpI-ISR1,6397.335695928814,-6.704708200069721,SAR/ISR
OpI,2110017,ISR1,93,D- 9000,FLT-3,0,9500,230.0,0.37,1.4,3.3,,16844,15707,0,1137,57.327,19.111,0.787,5.884,,1.92,1.692,14.8,OpI-ISR1,6432.646041115047,-6.704708200069721,SAR/ISR
OpI,2110017,ISR1,94,D- 8000,FLT-3,0,8500,226.0,0.38,1.5,3.03,,16844,15707,0,1137,57.319,19.111,0.787,5.884,,1.92,1.692,14.8,OpI-ISR1,6407.63147944764,-6.261402966994321,SAR/ISR
OpI,2110017,ISR1,95,D- 7000,FLT-3,0,7500,223.0,0.38,1.4,2.73,,16844,15707,0,1137,57.311,19.111,0.787,5.884,,1.92,1.692,14.8,OpI-ISR1,6434.85071277819,-6.704708200069721,SAR/ISR
OpI,2110017,ISR1,96,D- 6000,FLT-3,0,6500,220.0,0.38,1.4,2.41,,16844,15707,0,1137,57.302,19.111,0.787,5.884,,1.92,1.692,14.8,OpI-ISR1,6458.401992024523,-6.704708200069711,SAR/ISR
OpI,2110017,ISR1,97,D- 5000,FLT-3,0,5500,217.0,0.39,1.3,2.1,,16844,15707,0,1137,57.293,19.111,0.787,5.884,,1.92,1.692,14.8,OpI-ISR1,6478.200648068861,-7.215210799943852,SAR/ISR
OpI,2110017,ISR1,98,D- 4000,FLT-3,0,4500,213.0,0.38,1.4,1.78,,16844,15707,0,1137,57.284,19.111,0.787,5.884,,1.92,1.692,14.8,OpI-ISR1,6433.613503116796,-6.704708200069721,SAR/ISR
OpI,2110017,ISR1,99,D- 3000,FLT-3,0,3500,210.0,0.38,1.3,1.43,,16844,15707,0,1137,57.275,19.111,0.787,5.884,,1.92,1.692,14.8,OpI-ISR1,6444.69152245498,-7.215210799943844,SAR/ISR
OpI,2110017,ISR1,100,D- 2000,FLT-3,0,2500,207.0,0.37,1.3,1.06,,16844,15707,0,1137,57.301,19.053,0.816,5.872,,1.87,1.781,14.8,OpI-ISR1,6451.790829338689,-7.215210799943848,SAR/ISR
OpI,2110017,ISR1,101,D- 1500,FLT-3,0,1750,205.0,0.19,0.6,0.78,,16844,15707,0,1137,57.294,19.053,0.816,5.872,,1.87,1.781,14.8,OpI-ISR1,6470.232804476414,-7.809339501322949,SAR/ISR
OpI,2110017,ISR1,102,APPROACH,FLT-3,15,750,112.0,1.0,5.0,0.41,,16844,15707,0,1137,38.13,14.479,0.399,4.818,2.974,1.98,1.071,14.8,OpI-ISR1,1989.146579399078,0.0,SAR/ISR
OpI,2110017,ISR1,103,F/APPRO.,FLT-3,23,25,101.0,1.0,0.2,0.14,,16844,15707,0,1137,37.975,12.067,0.353,4.18,3.256,2.0,0.941,14.8,OpI-ISR1,1652.386606850274,0.0,SAR/ISR
OpI,2110017,ISR2,9,C- 1500,FLT-1,0,750,144.0,1.0,2.5,0.41,,20351,15707,0,4644,45.044,17.138,0.541,6.501,,2.04,1.063,17.9,OpI-ISR2,3288.181080231129,5.639520585950486,SAR/ISR
OpI,2110017,ISR2,10,C- 2500,FLT-1,0,2000,144.0,0.67,1.6,0.88,,20351,15707,0,4644,45.374,16.613,0.531,6.132,,2.05,1.121,17.9,OpI-ISR2,3168.973381380877,5.872890681248978,SAR/ISR
OpI,2110017,ISR2,11,C- 3500,FLT-1,0,3000,146.0,0.68,1.6,1.25,,20351,15707,0,4644,45.385,16.613,0.531,6.132,,2.05,1.121,17.9,OpI-ISR2,3162.049506880507,5.872890681248974,SAR/ISR
OpI,2110017,ISR2,12,C- 4500,FLT-1,0,4000,148.0,0.7,1.8,1.62,,20351,15707,0,4644,45.395,16.613,0.531,6.132,,2.05,1.121,17.9,OpI-ISR2,3153.295218310782,5.22418135450264,SAR/ISR
OpI,2110017,ISR2,13,C- 5500,FLT-1,0,5000,151.0,0.73,1.8,1.94,,20351,15707,0,4644,45.404,16.613,0.531,6.132,,2.05,1.121,17.9,OpI-ISR2,3184.791110138329,5.22418135450264,SAR/ISR
OpI,2110017,ISR2,14,C- 6500,FLT-1,0,6000,153.0,0.75,1.9,2.26,,20351,15707,0,4644,45.413,16.613,0.531,6.132,,2.05,1.121,17.9,OpI-ISR2,3171.772750555494,4.950628551011952,SAR/ISR
OpI,2110017,ISR2,15,C- 7500,FLT-1,0,7000,155.0,0.79,2.0,2.57,,20351,15707,0,4644,45.422,16.613,0.531,6.132,,2.05,1.121,17.9,OpI-ISR2,3157.037072467709,4.70423706762331,SAR/ISR
OpI,2110017,ISR2,16,C- 8500,FLT-1,0,8000,157.0,0.83,2.2,2.89,,20351,15707,0,4644,45.431,16.613,0.531,6.132,,2.05,1.121,17.9,OpI-ISR2,3140.626091771518,4.278245866885845,SAR/ISR
OpI,2110017,ISR2,17,C- 9500,FLT-1,0,9000,160.0,0.88,2.3,3.16,,20351,15707,0,4644,45.439,16.613,0.531,6.132,,2.05,1.121,17.9,OpI-ISR2,3161.984170076953,4.092881607032396,SAR/ISR
OpI,2110017,ISR2,18,C-10500,FLT-1,0,10000,162.0,0.92,2.5,3.44,,20351,15707,0,4644,46.122,16.274,0.513,5.824,,2.11,1.2,17.9,OpI-ISR2,3141.617188335903,3.766434321437898,SAR/ISR
OpI,2110017,ISR2,19,C-11500,FLT-1,0,11000,165.0,0.96,2.7,3.71,,20351,15707,0,4644,46.13,16.274,0.513,5.824,,2.11,1.2,17.9,OpI-ISR2,3157.867285240585,3.488155481435422,SAR/ISR
OpI,2110017,ISR2,20,C-12500,FLT-1,0,12000,168.0,1.01,2.8,3.98,,20351,15707,0,4644,46.137,16.274,0.513,5.824,,2.11,1.2,17.9,OpI-ISR2,3171.356289949976,3.363869852691651,SAR/ISR
OpI,2110017,ISR2,21,C-13500,FLT-1,0,13000,170.0,1.07,3.0,4.21,,20351,15707,0,4644,46.144,16.274,0.513,5.824,,2.11,1.2,17.9,OpI-ISR2,3145.002540311293,3.140076612692625,SAR/ISR
OpI,2110017,ISR2,22,C-14500,FLT-1,0,14000,173.0,1.13,3.3,4.44,,20351,15707,0,4644,46.15,16.274,0.513,5.824,,2.11,1.2,17.9,OpI-ISR2,3153.600486263389,2.855110975277925,SAR/ISR
OpI,2110017,ISR2,23,C-15000,FLT-1,0,14750,175.0,0.59,1.7,4.61,,20351,15707,0,4644,46.155,16.274,0.513,5.824,,2.11,1.2,17.9,OpI-ISR2,3149.299237209379,2.771270008151049,SAR/ISR
OpI,2110017,ISR2,24,CRUISE,FLT-2,0,15000,247.0,10.88,44.8,4.66,,20351,15707,0,4644,58.27,19.614,0.762,6.175,,2.0,1.396,17.9,OpI-ISR2,6222.898238687608,0.0,SAR/ISR
OpI,2110017,ISR2,25,CRUISE,FLT-2,0,15000,247.0,10.89,44.8,4.66,,20351,15707,0,4644,58.27,19.614,0.762,6.175,,2.0,1.396,17.9,OpI-ISR2,6222.898238687608,0.0,SAR/ISR
OpI,2110017,ISR2,26,CRUISE,FLT-2,0,15000,247.0,10.88,44.8,4.66,,20351,15707,0,4644,58.27,19.614,0.762,6.175,,2.0,1.396,17.9,OpI-ISR2,6222.898238687608,0.0,SAR/ISR
OpI,2110017,ISR2,27,CRUISE,FLT-2,0,15000,248.0,10.88,44.9,4.66,,20351,15707,0,4644,58.27,19.614,0.762,6.175,,2.0,1.396,17.9,OpI-ISR2,6273.388078353074,0.0,SAR/ISR
OpI,2110017,ISR2,28,CRUISE,FLT-2,0,15000,248.0,10.88,44.9,4.66,,20351,15707,0,4644,58.27,19.614,0.762,6.175,,2.0,1.396,17.9,OpI-ISR2,6273.388078353074,0.0,SAR/ISR
OpI,2110017,ISR2,29,CRUISE,FLT-2,0,15000,248.0,10.88,45.0,4.66,,20351,15707,0,4644,58.27,19.614,0.762,6.175,,2.0,1.396,17.9,OpI-ISR2,6273.388078353074,0.0,SAR/ISR
OpI,2110017,ISR2,30,CRUISE,FLT-2,0,15000,248.0,9.37,38.8,4.66,,20351,15707,0,4644,58.27,19.614,0.762,6.175,,2.0,1.396,17.9,OpI-ISR2,6273.388078353074,0.0,SAR/ISR
OpI,2110017,ISR2,31,CRUISE,FLT-2,0,15000,249.0,9.37,38.8,4.66,,20351,15707,0,4644,58.27,19.614,0.762,6.175,,2.0,1.396,17.9,OpI-ISR2,6324.08191737072,0.0,SAR/ISR
OpI,2110017,ISR2,32,D-14000,FLT-3,0,14500,248.0,0.4,1.7,4.55,,19628,15707,0,3921,60.569,20.209,0.783,6.242,,1.99,1.748,17.3,OpI-ISR2,6376.36937029992,-5.529633896008871,SAR/ISR
OpI,2110017,ISR2,33,D-13000,FLT-3,0,13500,244.0,0.41,1.6,4.32,,19628,15707,0,3921,60.562,20.209,0.783,6.242,,1.99,1.748,17.3,OpI-ISR2,6375.463108608696,-5.872890681248982,SAR/ISR
OpI,2110017,ISR2,34,D-12000,FLT-3,0,12500,241.0,0.42,1.7,4.09,,19628,15707,0,3921,60.556,20.209,0.783,6.242,,1.99,1.748,17.3,OpI-ISR2,6422.764128302134,-5.529633896008837,SAR/ISR
OpI,2110017,ISR2,35,D-11000,FLT-3,0,11500,237.0,0.42,1.6,3.84,,19628,15707,0,3921,60.549,20.209,0.783,6.242,,1.99,1.748,17.3,OpI-ISR2,6412.624344956228,-5.872890681248982,SAR/ISR
OpI,2110017,ISR2,36,D-10000,FLT-3,0,10500,233.0,0.42,1.6,3.57,,19628,15707,0,3921,60.541,20.209,0.783,6.242,,1.99,1.748,17.3,OpI-ISR2,6397.335695928814,-5.872890681248982,SAR/ISR
OpI,2110017,ISR2,37,D- 9000,FLT-3,0,9500,230.0,0.42,1.7,3.3,,19628,15707,0,3921,60.534,20.209,0.783,6.242,,1.99,1.748,17.3,OpI-ISR2,6432.646041115047,-5.529633896008854,SAR/ISR
OpI,2110017,ISR2,38,D- 8000,FLT-3,0,8500,226.0,0.43,1.6,3.03,,19628,15707,0,3921,60.526,20.209,0.783,6.242,,1.99,1.748,17.3,OpI-ISR2,6407.63147944764,-5.872890681248982,SAR/ISR
OpI,2110017,ISR2,39,D- 7000,FLT-3,0,7500,223.0,0.43,1.5,2.73,,19628,15707,0,3921,60.518,20.209,0.783,6.242,,1.99,1.748,17.3,OpI-ISR2,6434.85071277819,-6.261402966994321,SAR/ISR
OpI,2110017,ISR2,40,D- 6000,FLT-3,0,6500,220.0,0.43,1.6,2.41,,19628,15707,0,3921,60.509,20.209,0.783,6.242,,1.99,1.748,17.3,OpI-ISR2,6458.401992024523,-5.872890681248974,SAR/ISR
OpI,2110017,ISR2,41,D- 5000,FLT-3,0,5500,217.0,0.43,1.6,2.1,,19628,15707,0,3921,60.5,20.209,0.783,6.242,,1.99,1.748,17.3,OpI-ISR2,6478.200648068861,-5.872890681248982,SAR/ISR
OpI,2110017,ISR2,42,D- 4000,FLT-3,0,4500,213.0,0.43,1.5,1.78,,19628,15707,0,3921,60.491,20.209,0.783,6.242,,1.99,1.748,17.3,OpI-ISR2,6433.613503116796,-6.261402966994321,SAR/ISR
OpI,2110017,ISR2,43,D- 3000,FLT-3,0,3500,210.0,0.43,1.5,1.43,,19628,15707,0,3921,60.481,20.209,0.783,6.242,,1.99,1.748,17.3,OpI-ISR2,6444.69152245498,-6.261402966994311,SAR/ISR
OpI,2110017,ISR2,44,D- 2000,FLT-3,0,2500,207.0,0.43,1.5,1.06,,19628,15707,0,3921,60.489,20.153,0.818,6.227,,1.93,1.786,17.3,OpI-ISR2,6451.790829338689,-6.261402966994317,SAR/ISR
OpI,2110017,ISR2,45,D- 1000,FLT-3,0,1500,204.0,0.42,1.4,0.69,,19628,15707,0,3921,60.478,20.153,0.818,6.227,,1.93,1.786,17.3,OpI-ISR2,6454.840319831911,-6.704708200069717,SAR/ISR
OpI,2110017,ISR2,46,CRUISE,FLT-2,0,1000,141.0,13.33,31.28,0.5,,19628,15707,0,3921,47.669,16.443,0.526,5.619,,2.02,1.232,17.3,OpI-ISR2,3129.483403689826,0.0,SAR/ISR
OpI,2110017,ISR2,47,CRUISE,FLT-2,0,1000,140.0,13.33,31.18,0.5,,19628,15707,0,3921,47.669,16.443,0.526,5.619,,2.02,1.232,17.3,OpI-ISR2,3085.250978940727,0.0,SAR/ISR
OpI,2110017,ISR2,48,CRUISE,FLT-2,0,1000,140.0,13.33,31.08,0.5,,19628,15707,0,3921,47.669,16.443,0.526,5.619,,2.02,1.232,17.3,OpI-ISR2,3085.250978940727,0.0,SAR/ISR
OpI,2110017,ISR2,49,D- 200,FLT-3,0,600,202.0,0.33,1.1,0.35,,18990,15707,0,3283,61.248,20.574,0.837,6.35,,1.87,1.841,16.7,OpI-ISR2,6499.03116807991,-6.82547206080782,SAR/ISR
OpI,2110017,ISR2,50,CRUISE,FLT-4,10,200,130.0,9.61,20.89,0.2,,18990,15707,0,3283,46.533,16.106,0.493,5.636,2.933,1.97,1.167,16.7,OpI-ISR2,2723.516071813487,0.0,SAR/ISR
OpI,2110017,ISR2,51,CRUISE,FLT-4,10,200,130.0,9.61,20.89,0.2,,18990,15707,0,3283,46.533,16.106,0.493,5.636,2.933,1.97,1.167,16.7,OpI-ISR2,2723.516071813487,0.0,SAR/ISR
OpI,2110017,ISR2,52,C- 1000,FLT-1,0,600,135.0,0.44,0.99,0.35,,18990,15707,0,3283,44.876,17.513,0.512,6.644,,1.97,1.063,16.7,OpI-ISR2,2902.775292575639,7.575483283723209,SAR/ISR
OpI,2110017,ISR2,53,CRUISE,FLT-2,0,1000,139.0,13.33,30.83,0.5,,18990,15707,0,3283,48.031,16.813,0.523,5.734,,1.97,1.228,16.7,OpI-ISR2,3041.333375720091,0.0,SAR/ISR
OpI,2110017,ISR2,54,CRUISE,FLT-2,0,1000,138.0,13.33,30.74,0.5,,18990,15707,0,3283,48.031,16.813,0.523,5.734,,1.97,1.228,16.7,OpI-ISR2,2997.730594027919,0.0,SAR/ISR
OpI,2110017,ISR2,55,CRUISE,FLT-2,0,1000,138.0,13.33,30.64,0.5,,18990,15707,0,3283,48.031,16.813,0.523,5.734,,1.97,1.228,16.7,OpI-ISR2,2997.730594027919,0.0,SAR/ISR
OpI,2110017,ISR2,56,D- 200,FLT-3,0,600,202.0,0.32,1.08,0.35,,18353,15707,0,2646,61.135,20.602,0.844,6.352,,1.84,1.879,16.2,OpI-ISR2,6499.03116807991,-6.950644316343769,SAR/ISR
OpI,2110017,ISR2,57,CRUISE,FLT-4,10,200,130.0,9.63,20.92,0.2,,18353,15707,0,2646,46.558,16.357,0.498,5.677,2.932,1.93,1.181,16.2,OpI-ISR2,2723.516071813487,0.0,SAR/ISR
OpI,2110017,ISR2,58,CRUISE,FLT-4,10,200,130.0,9.63,20.92,0.2,,18353,15707,0,2646,46.558,16.357,0.498,5.677,2.932,1.93,1.181,16.2,OpI-ISR2,2723.516071813487,0.0,SAR/ISR
OpI,2110017,ISR2,59,C- 1000,FLT-1,0,600,133.0,0.42,0.93,0.35,,18353,15707,0,2646,44.269,17.629,0.508,6.731,,1.92,1.042,16.2,OpI-ISR2,2817.404233216487,8.057995667960446,SAR/ISR
OpI,2110017,ISR2,60,CRUISE,FLT-2,0,1000,137.0,13.33,30.39,0.5,,18353,15707,0,2646,47.623,16.829,0.518,5.734,,1.92,1.238,16.2,OpI-ISR2,2954.44263386421,0.0,SAR/ISR
OpI,2110017,ISR2,61,CRUISE,FLT-2,0,1000,136.0,13.33,30.3,0.5,,18353,15707,0,2646,47.623,16.829,0.518,5.734,,1.92,1.238,16.2,OpI-ISR2,2911.469495228963,0.0,SAR/ISR
OpI,2110017,ISR2,62,CRUISE,FLT-2,0,1000,136.0,13.33,30.2,0.5,,18353,15707,0,2646,47.623,16.829,0.518,5.734,,1.92,1.238,16.2,OpI-ISR2,2911.469495228963,0.0,SAR/ISR
OpI,2110017,ISR2,63,D- 200,FLT-3,0,600,202.0,0.32,1.05,0.35,,17730,15707,0,2023,59.556,19.966,0.835,6.155,,1.85,1.837,15.6,OpI-ISR2,6499.03116807991,-7.147208497642926,SAR/ISR
OpI,2110017,ISR2,64,CRUISE,FLT-4,10,200,130.0,9.64,20.94,0.2,,17730,15707,0,2023,45.327,16.006,0.495,5.522,2.859,1.93,1.165,15.6,OpI-ISR2,2723.516071813487,0.0,SAR/ISR
OpI,2110017,ISR2,65,CRUISE,FLT-4,10,200,130.0,9.64,20.94,0.2,,17730,15707,0,2023,45.327,16.006,0.495,5.522,2.859,1.93,1.165,15.6,OpI-ISR2,2723.516071813487,0.0,SAR/ISR
OpI,2110017,ISR2,66,C- 1000,FLT-1,0,600,131.0,0.41,0.88,0.35,,17730,15707,0,2023,42.72,17.031,0.492,6.516,,1.94,1.003,15.6,OpI-ISR2,2733.307368773144,8.5093098142713,SAR/ISR
OpI,2110017,ISR2,67,C- 2000,FLT-1,0,1500,133.0,0.52,1.1,0.69,,17730,15707,0,2023,42.73,17.031,0.492,6.516,,1.94,1.003,15.6,OpI-ISR2,2743.648366433744,8.509309814271294,SAR/ISR
OpI,2110017,ISR2,68,C- 3000,FLT-1,0,2500,135.0,0.53,1.2,1.06,,17730,15707,0,2023,42.74,17.031,0.492,6.516,,1.94,1.003,15.6,OpI-ISR2,2744.145437809461,7.809339501322961,SAR/ISR
OpI,2110017,ISR2,69,C- 4000,FLT-1,0,3500,137.0,0.55,1.3,1.43,,17730,15707,0,2023,42.751,17.031,0.492,6.516,,1.94,1.003,15.6,OpI-ISR2,2742.86655748203,7.215210799943852,SAR/ISR
OpI,2110017,ISR2,70,C- 5000,FLT-1,0,4500,139.0,0.56,1.2,1.78,,17730,15707,0,2023,42.76,17.031,0.492,6.516,,1.94,1.003,15.6,OpI-ISR2,2739.841003630665,7.809339501322949,SAR/ISR
OpI,2110017,ISR2,71,C- 6000,FLT-1,0,5500,141.0,0.58,1.4,2.1,,17730,15707,0,2023,42.769,17.031,0.492,6.516,,1.94,1.003,15.6,OpI-ISR2,2735.099642894455,6.704708200069721,SAR/ISR
OpI,2110017,ISR2,72,C- 7000,FLT-1,0,6500,143.0,0.59,1.4,2.41,,17730,15707,0,2023,42.778,17.031,0.492,6.516,,1.94,1.003,15.6,OpI-ISR2,2728.674841630361,6.704708200069711,SAR/ISR
OpI,2110017,ISR2,73,C- 8000,FLT-1,0,7500,145.0,0.63,1.5,2.73,,17730,15707,0,2023,43.596,16.664,0.482,6.163,,2.0,1.025,15.6,OpI-ISR2,2720.600378776196,6.261402966994321,SAR/ISR
OpI,2110017,ISR2,74,C- 9000,FLT-1,0,8500,148.0,0.64,1.6,3.03,,17730,15707,0,2023,43.605,16.664,0.482,6.163,,2.0,1.025,15.6,OpI-ISR2,2747.919960956635,5.872890681248982,SAR/ISR
OpI,2110017,ISR2,75,C-10000,FLT-1,0,9500,150.0,0.68,1.7,3.3,,17730,15707,0,2023,43.612,16.664,0.482,6.163,,2.0,1.025,15.6,OpI-ISR2,2736.002569472374,5.529633896008837,SAR/ISR
OpI,2110017,ISR2,76,C-11000,FLT-1,0,10500,152.0,0.7,1.7,3.57,,17730,15707,0,2023,43.62,16.664,0.482,6.163,,2.0,1.025,15.6,OpI-ISR2,2722.541286793628,5.529633896008854,SAR/ISR
OpI,2110017,ISR2,77,C-12000,FLT-1,0,11500,155.0,0.73,1.9,3.84,,17730,15707,0,2023,43.628,16.664,0.482,6.163,,2.0,1.025,15.6,OpI-ISR2,2742.852817169139,4.95062855101196,SAR/ISR
OpI,2110017,ISR2,78,C-13000,FLT-1,0,12500,157.0,0.76,2.0,4.09,,17730,15707,0,2023,43.635,16.664,0.482,6.163,,2.0,1.025,15.6,OpI-ISR2,2725.757356080634,4.70423706762331,SAR/ISR
OpI,2110017,ISR2,79,C-14000,FLT-1,0,13500,159.0,0.79,2.1,4.32,,17730,15707,0,2023,43.641,16.664,0.482,6.163,,2.0,1.025,15.6,OpI-ISR2,2707.237349649564,4.481160828076364,SAR/ISR
OpI,2110017,ISR2,80,C-15000,FLT-1,0,14500,162.0,0.83,2.2,4.55,,17730,15707,0,2023,43.647,16.664,0.482,6.163,,2.0,1.025,15.6,OpI-ISR2,2720.822023838305,4.278245866885832,SAR/ISR
OpI,2110017,ISR2,81,C-16000,FLT-1,0,15500,165.0,0.87,2.4,4.78,,17730,15707,0,2023,43.654,16.664,0.482,6.163,,2.0,1.025,15.6,OpI-ISR2,2731.921469241003,3.922888847379469,SAR/ISR
OpI,2110017,ISR2,82,C-17000,FLT-1,0,16500,167.0,0.94,2.6,4.98,,17730,15707,0,2023,43.659,16.664,0.482,6.163,,2.0,1.025,15.6,OpI-ISR2,2708.033379906137,3.621964763266269,SAR/ISR
OpI,2110017,ISR2,83,C-18000,FLT-1,0,17500,170.0,1.02,2.9,5.15,,17730,15707,0,2023,43.664,16.664,0.482,6.163,,2.0,1.025,15.6,OpI-ISR2,2714.74153912754,3.2481271255592,SAR/ISR
OpI,2110017,ISR2,84,C-19000,FLT-1,0,18500,173.0,1.1,3.2,5.32,,17730,15707,0,2023,43.669,16.664,0.482,6.163,,2.0,1.025,15.6,OpI-ISR2,2719.064487790099,2.944178588411718,SAR/ISR
OpI,2110017,ISR2,85,C-20000,FLT-1,0,19500,176.0,1.22,3.5,5.49,,17730,15707,0,2023,43.674,16.664,0.482,6.163,,2.0,1.025,15.6,OpI-ISR2,2721.037886154218,2.692209067106789,SAR/ISR
OpI,2110017,ISR2,86,C-21000,FLT-1,0,20500,179.0,1.35,4.0,5.58,,17730,15707,0,2023,43.676,16.664,0.482,6.163,,2.0,1.025,15.6,OpI-ISR2,2720.700479073523,2.356089210663771,SAR/ISR
OpI,2110017,ISR2,87,C-22000,FLT-1,0,21500,182.0,1.49,4.6,5.58,,17730,15707,0,2023,43.676,16.664,0.482,6.163,,2.0,1.025,15.6,OpI-ISR2,2718.093918311654,2.049054809002174,SAR/ISR
OpI,2110017,ISR2,88,C-23000,FLT-1,0,22500,185.0,1.69,5.1,5.58,,17730,15707,0,2023,43.676,16.664,0.482,6.163,,2.0,1.025,15.6,OpI-ISR2,2713.262588378715,1.848313986854076,SAR/ISR
OpI,2110017,ISR2,89,C-24000,FLT-1,0,23500,188.0,1.93,6.1,5.58,,17730,15707,0,2023,43.676,16.664,0.482,6.163,,2.0,1.025,15.6,OpI-ISR2,2706.25343587548,1.545473037117968,SAR/ISR
OpI,2110017,ISR2,90,C-25000,FLT-1,0,24500,191.0,2.26,7.2,5.58,,17730,15707,0,2023,43.676,16.664,0.482,6.163,,2.0,1.025,15.6,OpI-ISR2,2697.115802333409,1.309448716725867,SAR/ISR
OpI,2110017,ISR2,91,CRUISE,FLT-2,0,25000,223.0,14.2,52.8,5.58,,17730,15707,0,2023,49.783,17.707,0.539,5.759,,2.06,1.128,15.6,OpI-ISR2,3612.313001838261,0.0,SAR/ISR
OpI,2110017,ISR2,92,CRUISE,FLT-2,0,25000,223.0,14.28,53.1,5.58,,17165,15707,0,1458,48.208,17.141,0.53,5.573,,2.06,1.093,15.1,OpI-ISR2,3612.313001838261,0.0,SAR/ISR
OpI,2110017,ISR2,93,CRUISE,FLT-2,0,25000,222.0,14.36,53.3,5.58,,17165,15707,0,1458,48.208,17.141,0.53,5.573,,2.06,1.093,15.1,OpI-ISR2,3579.988215781472,0.0,SAR/ISR
OpI,2110017,ISR2,94,CRUISE,FLT-2,0,25000,222.0,14.48,53.6,5.58,,17165,15707,0,1458,48.208,17.141,0.53,5.573,,2.06,1.093,15.1,OpI-ISR2,3579.988215781472,0.0,SAR/ISR
OpI,2110017,ISR2,95,CRUISE,FLT-2,0,25000,221.0,11.56,42.6,5.58,,17165,15707,0,1458,48.208,17.141,0.53,5.573,,2.06,1.093,15.1,OpI-ISR2,3547.808709662018,0.0,SAR/ISR
OpI,2110017,ISR2,96,CRUISE,FLT-2,0,25000,220.0,11.63,42.8,5.58,,17165,15707,0,1458,48.208,17.141,0.53,5.573,,2.06,1.093,15.1,OpI-ISR2,3515.774483479898,0.0,SAR/ISR
OpI,2110017,ISR2,97,D-24000,FLT-3,0,24500,291.0,1.0,4.8,5.58,,16637,15707,0,930,55.958,18.571,0.76,5.72,,1.96,1.341,14.6,OpI-ISR2,6260.641519075557,-1.963745822394747,SAR/ISR
OpI,2110017,ISR2,98,D-23000,FLT-3,0,23500,286.0,0.35,1.7,5.58,,16637,15707,0,930,55.958,18.571,0.76,5.72,,1.96,1.341,14.6,OpI-ISR2,6263.034915144602,-5.529633896008837,SAR/ISR
OpI,2110017,ISR2,99,D-22000,FLT-3,0,22500,282.0,0.34,1.6,5.58,,16637,15707,0,930,55.958,18.571,0.76,5.72,,1.96,1.341,14.6,OpI-ISR2,6304.441024929991,-5.872890681248965,SAR/ISR
OpI,2110017,ISR2,100,D-21000,FLT-3,0,21500,277.0,0.35,1.6,5.58,,16637,15707,0,930,55.958,18.571,0.76,5.72,,1.96,1.341,14.6,OpI-ISR2,6296.239230109132,-5.872890681248999,SAR/ISR
OpI,2110017,ISR2,101,D-20000,FLT-3,0,20500,273.0,0.34,1.5,5.58,,16637,15707,0,930,55.958,18.571,0.76,5.72,,1.96,1.341,14.6,OpI-ISR2,6328.488062322356,-6.261402966994341,SAR/ISR
OpI,2110017,ISR2,102,D-19000,FLT-3,0,19500,268.0,0.35,1.6,5.49,,16637,15707,0,930,55.955,18.571,0.76,5.72,,1.96,1.341,14.6,OpI-ISR2,6309.266049042501,-5.872890681248965,SAR/ISR
OpI,2110017,ISR2,103,D-18000,FLT-3,0,18500,264.0,0.34,1.5,5.32,,16637,15707,0,930,55.95,18.571,0.76,5.72,,1.96,1.341,14.6,OpI-ISR2,6331.916152929224,-6.261402966994303,SAR/ISR
OpI,2110017,ISR2,104,D-17000,FLT-3,0,17500,260.0,0.36,1.5,5.15,,16637,15707,0,930,55.946,18.571,0.76,5.72,,1.96,1.341,14.6,OpI-ISR2,6350.052873530161,-6.261402966994303,SAR/ISR
OpI,2110017,ISR2,105,D-16000,FLT-3,0,16500,256.0,0.35,1.5,4.98,,16637,15707,0,930,55.941,18.571,0.76,5.72,,1.96,1.341,14.6,OpI-ISR2,6363.572576482793,-6.261402966994303,SAR/ISR
OpI,2110017,ISR2,106,D-15000,FLT-3,0,15500,252.0,0.36,1.5,4.78,,16637,15707,0,930,55.935,18.571,0.76,5.72,,1.96,1.341,14.6,OpI-ISR2,6372.376160980006,-6.261402966994341,SAR/ISR
OpI,2110017,ISR2,107,D-14000,FLT-3,0,14500,248.0,0.36,1.5,4.55,,16637,15707,0,930,55.929,18.571,0.76,5.72,,1.96,1.341,14.6,OpI-ISR2,6376.36937029992,-6.261402966994341,SAR/ISR
OpI,2110017,ISR2,108,D-13000,FLT-3,0,13500,244.0,0.37,1.5,4.32,,16637,15707,0,930,56.821,18.893,0.783,5.817,,1.93,1.678,14.6,OpI-ISR2,6375.463108608696,-6.261402966994321,SAR/ISR
OpI,2110017,ISR2,109,D-12000,FLT-3,0,12500,241.0,0.37,1.5,4.09,,16637,15707,0,930,56.815,18.893,0.783,5.817,,1.93,1.678,14.6,OpI-ISR2,6422.764128302134,-6.261402966994303,SAR/ISR
OpI,2110017,ISR2,110,D-11000,FLT-3,0,11500,237.0,0.37,1.4,3.84,,16637,15707,0,930,56.808,18.893,0.783,5.817,,1.93,1.678,14.6,OpI-ISR2,6412.624344956228,-6.704708200069721,SAR/ISR
OpI,2110017,ISR2,111,D-10000,FLT-3,0,10500,233.0,0.38,1.5,3.57,,16637,15707,0,930,56.8,18.893,0.783,5.817,,1.93,1.678,14.6,OpI-ISR2,6397.335695928814,-6.261402966994321,SAR/ISR
OpI,2110017,ISR2,112,D- 9000,FLT-3,0,9500,230.0,0.38,1.4,3.3,,16637,15707,0,930,56.792,18.893,0.783,5.817,,1.93,1.678,14.6,OpI-ISR2,6432.646041115047,-6.704708200069721,SAR/ISR
OpI,2110017,ISR2,113,D- 8000,FLT-3,0,8500,226.0,0.38,1.5,3.03,,16637,15707,0,930,56.785,18.893,0.783,5.817,,1.93,1.678,14.6,OpI-ISR2,6407.63147944764,-6.261402966994321,SAR/ISR
OpI,2110017,ISR2,114,D- 7000,FLT-3,0,7500,223.0,0.38,1.4,2.73,,16637,15707,0,930,56.776,18.893,0.783,5.817,,1.93,1.678,14.6,OpI-ISR2,6434.85071277819,-6.704708200069721,SAR/ISR
OpI,2110017,ISR2,115,D- 6000,FLT-3,0,6500,220.0,0.39,1.4,2.41,,16637,15707,0,930,56.768,18.893,0.783,5.817,,1.93,1.678,14.6,OpI-ISR2,6458.401992024523,-6.704708200069711,SAR/ISR
OpI,2110017,ISR2,116,D- 5000,FLT-3,0,5500,217.0,0.38,1.4,2.1,,16637,15707,0,930,56.759,18.893,0.783,5.817,,1.93,1.678,14.6,OpI-ISR2,6478.200648068861,-6.704708200069721,SAR/ISR
OpI,2110017,ISR2,117,D- 4000,FLT-3,0,4500,213.0,0.39,1.3,1.78,,16637,15707,0,930,56.75,18.893,0.783,5.817,,1.93,1.678,14.6,OpI-ISR2,6433.613503116796,-7.215210799943852,SAR/ISR
OpI,2110017,ISR2,118,D- 3000,FLT-3,0,3500,210.0,0.38,1.3,1.43,,16637,15707,0,930,56.74,18.893,0.783,5.817,,1.93,1.678,14.6,OpI-ISR2,6444.69152245498,-7.215210799943844,SAR/ISR
OpI,2110017,ISR2,119,D- 2000,FLT-3,0,2500,207.0,0.38,1.3,1.06,,16637,15707,0,930,56.767,18.835,0.811,5.805,,1.88,1.767,14.6,OpI-ISR2,6451.790829338689,-7.215210799943848,SAR/ISR
OpI,2110017,ISR2,120,D- 1500,FLT-3,0,1750,205.0,0.19,0.7,0.78,,16637,15707,0,930,56.76,18.835,0.811,5.805,,1.88,1.767,14.6,OpI-ISR2,6470.232804476414,-6.704708200069711,SAR/ISR
OpI,2110017,ISR2,121,APPROACH,FLT-3,15,750,113.0,1.0,5.0,0.41,,16637,15707,0,930,37.806,14.55,0.403,4.811,2.987,1.98,1.094,14.6,OpI-ISR2,2024.82562757867,0.0,SAR/ISR
OpI,2110017,ISR2,122,F/APPRO.,FLT-3,23,25,102.0,1.0,0.2,0.14,,16637,15707,0,930,37.719,12.298,0.356,4.22,3.198,2.0,0.958,14.6,OpI-ISR2,1685.269116524875,0.0,SAR/ISR
OpT,2110017,F,9,C-1500,FLT-1,10,750,142.5597971973041,1.5,2.9,,,18383,11868,500,6515,36.753,13.484,0.512,5.101,,2.0,5.206,20.2,OpT-F,3222.737107526221,4.865686239349106,Ferry
OpT,2110017,F,10,C-7500,FLT-1,0,4500,148.614179213972,3.7,9.2,,,18383,11868,500,6515,36.794,13.484,0.512,5.101,,2.0,5.206,20.2,OpT-F,3131.960346789104,6.126331976646654,Ferry
OpT,2110017,F,11,C-15000,FLT-1,0,10500,164.2017243762202,6.1,16.9,,,18383,11868,500,6515,37.873,12.871,0.4859,4.543,,2.03,4.614,20.2,OpT-F,3177.186625799207,5.00891954859078,Ferry
OpT,2110017,F,12,C-25000,FLT-1,0,20500,192.0528657198811,17.8,57.5,,,18383,11868,500,6515,37.933,12.871,0.4859,4.543,,2.03,4.614,20.2,OpT-F,3131.960346789107,1.475622406636435,Ferry
OpT,2110017,F,13,CRUISE,FLT-2,0,25000,222.5828872083308,623.0,2325.0,,,18383,11868,500,6515,40.956,13.328,0.5006,4.357,,2.06,4.391,20.2,OpT-F,3598.812259151437,0.0,Ferry
OpT,2110017,F,14,D-17000,FLT-3,0,21000,260.5873836058158,3.3,14.0,,,14125,11868,500,2257,46.872,15.567,0.7042,4.794,,1.99,4.805,15.5,OpT-F,5668.522403957774,-5.372582293445005,Ferry
OpT,2110017,F,15,D-13000,FLT-3,0,15000,238.2625223232305,1.6,6.6,,,14125,11868,500,2257,46.844,15.567,0.7042,4.794,,1.99,4.805,15.5,OpT-F,5790.422625519047,-5.696112692734848,Ferry
OpT,2110017,F,16,D-5000,FLT-3,0,9000,216.5186289320216,3.5,12.6,,,14125,11868,500,2257,46.748,15.495,0.7313,4.773,,1.93,4.788,15.5,OpT-F,5790.422625519047,-5.965444129122686,Ferry
OpT,2110017,F,17,D-1500,FLT-3,0,3000,197.5712076814429,1.6,5.3,,,14125,11868,500,2257,46.691,15.495,0.7313,4.773,,1.93,4.788,15.5,OpT-F,5790.42262551905,-5.322189980864655,Ferry
OpT,2110017,F,18,APPROACH,FLT-3,15,750,131.4381108911315,3.0,6.6,,,14125,11868,500,2257,31.569,12.609,0.3877,4.122,2.542,1.99,4.128,15.5,OpT-F,2739.512957959518,0.0,Ferry
OpT,2110017,F,19,F/APPRO.,FLT-3,23,18,110.0289750153854,0.1,0.2,,,14125,11868,500,2257,31.561,12.609,0.3877,4.122,2.542,1.99,4.128,15.5,OpT-F,1961.426437355633,0.0,Ferry
OpT,2110017,L-TL12,7,C-1500,FLT-1,10,750,142.5597971973041,1.5,2.9,,,18799,16368,5000,2431,45.785,19.115,0.5933,7.216,,1.82,7.311,16.9,OpT-L-TL12,3222.737107526221,4.865686239349106,Ferry
OpT,2110017,L-TL12,8,C-7500,FLT-1,0,4500,148.614179213972,3.5,8.7,,,18799,16368,5000,2431,45.826,19.115,0.5933,7.216,,1.82,7.311,16.9,OpT-L-TL12,3131.960346789104,6.475509678787737,Ferry
OpT,2110017,L-TL12,9,C-15000,FLT-1,0,10500,164.2017243762202,5.7,15.7,,,18799,16368,5000,2431,47.77,18.22,0.5663,6.383,,1.88,6.45,16.9,OpT-L-TL12,3177.186625799207,5.389591833083031,Ferry
OpT,2110017,L-TL12,10,C-25000,FLT-1,0,20500,192.0528657198811,15.5,50.2,,,18799,16368,5000,2431,47.831,18.22,0.5663,6.383,,1.88,6.45,16.9,OpT-L-TL12,3131.960346789107,1.690088389611739,Ferry
OpT,2110017,L-TL12,11,CRUISE,FLT-2,0,25000,231.5459564918878,20.2,78.3,,,18799,16368,5000,2431,51.797,18.602,0.5885,6.02,,1.95,6.052,16.9,OpT-L-TL12,3894.485136980917,0.0,Ferry
OpT,2110017,L-TL12,12,D-17000,FLT-3,0,21000,260.5873836058158,4.0,17.4,,,18799,16368,5000,2431,59.422,20.754,0.8013,6.397,,1.85,6.417,16.9,OpT-L-TL12,5668.522403957774,-4.32723537940009,Ferry
OpT,2110017,L-TL12,13,D-13000,FLT-3,0,15000,238.2625223232305,2.0,8.0,,,18799,16368,5000,2431,59.394,20.754,0.8013,6.397,,1.85,6.417,16.9,OpT-L-TL12,5790.422625519047,-4.704237067623306,Ferry
OpT,2110017,L-TL12,14,D-5000,FLT-3,0,9000,216.5186289320216,4.3,15.3,,,18799,16368,5000,2431,59.275,20.693,0.8334,6.375,,1.79,6.399,16.9,OpT-L-TL12,5790.422625519047,-4.918430744693445,Ferry
OpT,2110017,L-TL12,15,D-1500,FLT-3,0,3000,197.5712076814429,2.0,6.5,,,18799,16368,5000,2431,59.217,20.693,0.8334,6.375,,1.79,6.399,16.9,OpT-L-TL12,5790.42262551905,-4.343815013010892,Ferry
OpT,2110017,L-TL12,16,APPROACH,FLT-3,15,750,131.4381108911315,3.0,6.6,,,18799,16368,5000,2431,42.718,14.966,0.4317,5.008,3.422,1.87,5.038,16.9,OpT-L-TL12,2739.512957959518,0.0,Ferry
OpT,2110017,L-TL12,17,F/APPRO.,FLT-3,23,18,110.0289750153854,0.1,0.2,,,18799,16368,5000,2431,42.71,14.966,0.4317,5.008,3.422,1.87,5.038,16.9,OpT-L-TL12,1961.426437355633,0.0,Ferry
OpT,2110017,L-TL22,7,C-1500,FLT-1,10,750,142.5597971973041,1.5,2.9,,,18799,16368,5000,2431,47.526,19.648,0.5963,7.395,,1.81,7.498,16.9,OpT-L-TL22,3222.737107526221,4.865686239349106,Ferry
OpT,2110017,L-TL22,8,C-7500,FLT-1,0,4500,148.614179213972,3.8,9.6,,,18799,16368,5000,2431,47.567,19.648,0.5963,7.395,,1.81,7.498,16.9,OpT-L-TL22,3131.960346789104,5.872890681248978,Ferry
OpT,2110017,L-TL22,9,C-15000,FLT-1,0,10500,164.2017243762202,6.4,17.6,,,18799,16368,5000,2431,49.513,18.749,0.5733,6.581,,1.87,6.651,16.9,OpT-L-TL22,3177.186625799207,4.810655320527908,Ferry
OpT,2110017,L-TL22,10,C-23500,FLT-1,0,20500,192.0528657198811,14.1,44.8,,,18799,16368,5000,2431,49.574,18.749,0.5733,6.581,,1.87,6.651,16.9,OpT-L-TL22,3131.960346789107,1.262698112233804,Ferry
OpT,2110017,L-TL22,11,CRUISE,FLT-2,0,23500,231.3471044575244,99.0,383.7,,,18799,16368,5000,2431,54.058,19.441,0.6234,6.301,,1.92,6.334,16.9,OpT-L-TL22,4098.084443205597,0.0,Ferry
OpT,2110017,L-TL22,12,D-17000,FLT-3,0,21000,260.5873836058158,3.3,14.1,,,18799,16368,5000,2431,59.422,20.754,0.8013,6.397,,1.85,6.417,16.9,OpT-L-TL22,5668.522403957774,-5.334699484491553,Ferry
OpT,2110017,L-TL22,13,D-13000,FLT-3,0,15000,238.2625223232305,2.0,8.1,,,18799,16368,5000,2431,59.394,20.754,0.8013,6.397,,1.85,6.417,16.9,OpT-L-TL22,5790.422625519047,-4.646415936787093,Ferry
OpT,2110017,L-TL22,14,D-5000,FLT-3,0,9000,216.5186289320216,4.3,15.5,,,18799,16368,5000,2431,59.275,20.693,0.8334,6.375,,1.79,6.399,16.9,OpT-L-TL22,5790.422625519047,-4.855272473122657,Ferry
OpT,2110017,L-TL22,15,D-1500,FLT-3,0,3000,197.5712076814429,2.0,6.6,,,18799,16368,5000,2431,59.217,20.693,0.8334,6.375,,1.79,6.399,16.9,OpT-L-TL22,5790.42262551905,-4.278245866885844,Ferry
OpT,2110017,L-TL22,16,APPROACH,FLT-3,15,750,131.4381108911315,3.0,6.5,,,18799,16368,5000,2431,42.718,14.966,0.4317,5.008,3.422,1.87,5.038,16.9,OpT-L-TL22,2739.512957959518,0.0,Ferry
OpT,2110017,L-TL22,17,F/APPRO.,FLT-3,23,18,110.0289750153854,0.1,0.2,,,18799,16368,5000,2431,42.71,14.966,0.4317,5.008,3.422,1.87,5.038,16.9,OpT-L-TL22,1961.426437355633,0.0,Ferry
OpT,2110017,T-TT11,9,C-1500,FLT-1,10,750,142.5597971973041,1.5,2.9,,,20675,16368,5000,4307,50.025,19.915,0.5943,7.477,,1.84,7.599,18.5,OpT-T-TT11,3222.737107526221,4.865686239349106,Ferry
OpT,2110017,T-TT11,10,C-7500,FLT-1,0,4500,148.614179213972,4.6,11.2,,,20675,16368,5000,4307,50.066,19.915,0.5943,7.477,,1.84,7.599,18.5,OpT-T-TT11,3131.960346789104,5.038581519339688,Ferry
OpT,2110017,T-TT11,11,C-15000,FLT-1,0,10500,164.2017243762202,7.9,21.5,,,20675,16368,5000,4307,51.879,19.031,0.5704,6.734,,1.91,6.814,18.5,OpT-T-TT11,3177.186625799207,3.941077476810535,Ferry
OpT,2110017,T-TT11,12,C-21500,FLT-1,0,18500,185.6711710896018,12.7,39.1,,,20675,16368,5000,4307,51.936,19.031,0.5704,6.734,,1.91,6.814,18.5,OpT-T-TT11,3131.960346789105,1.446701053029467,Ferry
OpT,2110017,T-TT11,13,CRUISE,FLT-2,0,21500,233.3138787999885,72.6,283.8,,,20675,16368,5000,4307,58.239,20.78,0.6604,6.719,,1.93,6.755,18.5,OpT-T-TT11,4466.865033700149,0.0,Ferry
OpT,2110017,T-TT11,14,D-17000,FLT-3,0,19500,255.3856847638692,2.3,10.2,,,19101,16368,5000,2733,64.067,22.517,0.8262,6.959,,1.82,6.982,17.1,OpT-T-TT11,5729.310413379957,-4.612399068124508,Ferry
OpT,2110017,T-TT11,15,D-13000,FLT-3,0,15000,238.2625223232305,2.3,8.6,,,19101,16368,5000,2733,64.039,22.517,0.8262,6.959,,1.82,6.982,17.1,OpT-T-TT11,5790.422625519047,-4.377357621232535,Ferry
OpT,2110017,T-TT11,16,D-5000,FLT-3,0,9000,216.5186289320216,4.7,16.6,,,19101,16368,5000,2733,63.911,22.465,0.8603,6.938,,1.75,6.965,17.1,OpT-T-TT11,5790.422625519047,-4.534926847182527,Ferry
OpT,2110017,T-TT11,17,D-500,FLT-3,0,3000,197.5712076814429,2.7,9.0,,,19101,16368,5000,2733,63.854,22.465,0.8603,6.938,,1.75,6.965,17.1,OpT-T-TT11,5790.42262551905,-5.224181354502638,Ferry
OpT,2110017,T-TT11,18,CRUISE,FLT-4,0,500,210.5372005702803,42.6,150.0,,,19101,16368,5000,2733,66.195,23.361,0.9818,7.264,,1.73,7.289,17.1,OpT-T-TT11,7080.749438853836,0.0,Ferry
OpT,2110017,T-TT11,19,APPROACH,FLT-3,15,250,131.4804569052634,3.0,6.5,,,19101,16368,5000,2733,45.043,15.143,0.4377,5.129,3.606,1.85,5.168,17.1,OpT-T-TT11,2781.821412517356,0.0,Ferry
OpT,2110017,T-TT11,20,F/APPRO.,FLT-3,23,18,110.0289750153854,0.1,0.2,,,19101,16368,5000,2733,45.041,15.143,0.4377,5.129,3.606,1.85,5.168,17.1,OpT-T-TT11,1961.426437355633,0.0,Ferry
OpT,2110017,T-TT12,7,C-500,FLT-1,10,250,142.5208006148656,1.5,2.9,,,19101,16368,5000,2733,48.118,19.862,0.5983,7.479,,1.8,7.586,17.1,OpT-T-TT12,3268.611791970161,1.625369471446298,Ferry
OpT,2110017,T-TT12,8,CRUISE,FLT-4,0,500,210.5372005702803,42.5,150.0,,,19101,16368,5000,2733,64.398,22.607,0.9719,7.024,,1.74,7.046,17.1,OpT-T-TT12,7080.749438853836,0.0,Ferry
OpT,2110017,T-TT12,9,C-7500,FLT-1,0,4500,148.614179213972,4.6,10.5,,,19101,16368,5000,2733,48.402,18.932,0.5873,6.792,,1.82,6.877,17.1,OpT-T-TT12,3131.960346789104,5.372582293445005,Ferry
OpT,2110017,T-TT12,10,C-15000,FLT-1,0,10500,164.2017243762202,5.6,16.6,,,19101,16368,5000,2733,48.998,18.554,0.5654,6.513,,1.88,6.581,17.1,OpT-T-TT12,3177.186625799207,5.098969194644893,Ferry
OpT,2110017,T-TT12,11,C-24500,FLT-1,0,20500,190.6711904269323,15.7,50.2,,,19101,16368,5000,2733,49.05,18.554,0.5654,6.513,,1.88,6.581,17.1,OpT-T-TT12,3087.058270495923,1.502392232639572,Ferry
OpT,2110017,T-TT12,12,CRUISE,FLT-2,0,24500,232.4751572093629,71.4,276.5,,,19101,16368,5000,2733,53.385,19.169,0.6036,6.214,,1.93,6.247,17.1,OpT-T-TT12,3995.636384659415,0.0,Ferry
OpT,2110017,T-TT12,13,D-17000,FLT-3,0,21000,260.5873836058158,3.7,16.3,,,17605,16368,5000,1237,58.473,20.387,0.7963,6.282,,1.87,6.3,15.9,OpT-T-TT12,5668.522403957774,-4.618033989997465,Ferry
OpT,2110017,T-TT12,14,D-13000,FLT-3,0,15000,238.2625223232305,2.0,8.0,,,17605,16368,5000,1237,58.445,20.387,0.7963,6.282,,1.87,6.3,15.9,OpT-T-TT12,5790.422625519047,-4.704237067623306,Ferry
OpT,2110017,T-TT12,15,D-5000,FLT-3,0,9000,216.5186289320216,4.3,15.4,,,17605,16368,5000,1237,58.327,20.324,0.8284,6.26,,1.8,6.282,15.9,OpT-T-TT12,5790.422625519047,-4.886648037626543,Ferry
OpT,2110017,T-TT12,16,D-1500,FLT-3,0,3000,197.5712076814429,2.0,6.5,,,17605,16368,5000,1237,58.27,20.324,0.8284,6.26,,1.8,6.282,15.9,OpT-T-TT12,5790.42262551905,-4.343815013010892,Ferry
OpT,2110017,T-TT12,17,APPROACH,FLT-3,15,750,131.4381108911315,3.0,6.5,,,17605,16368,5000,1237,41.928,14.886,0.4298,4.963,3.36,1.87,4.991,15.9,OpT-T-TT12,2739.512957959518,0.0,Ferry
OpT,2110017,T-TT12,18,F/APPRO.,FLT-3,23,18,110.0289750153854,0.1,0.2,,,17605,16368,5000,1237,41.919,14.886,0.4298,4.963,3.36,1.87,4.991,15.9,OpT-T-TT12,1961.426437355633,0.0,Ferry
OpT,2110017,T-TT13,9,C-1500,FLT-1,10,750,142.5597971973041,1.5,2.9,,,20675,16368,5000,4307,50.025,19.915,0.5943,7.477,,1.84,7.599,18.5,OpT-T-TT13,3222.737107526221,4.865686239349106,SAR/ISR
OpT,2110017,T-TT13,10,C-7500,FLT-1,0,4500,148.614179213972,4.6,11.2,,,20675,16368,5000,4307,50.066,19.915,0.5943,7.477,,1.84,7.599,18.5,OpT-T-TT13,3131.960346789104,5.038581519339688,SAR/ISR
OpT,2110017,T-TT13,11,C-15000,FLT-1,0,10500,164.2017243762202,7.9,21.5,,,20675,16368,5000,4307,51.879,19.031,0.5704,6.734,,1.91,6.814,18.5,OpT-T-TT13,3177.186625799207,3.941077476810535,SAR/ISR
OpT,2110017,T-TT13,12,C-21500,FLT-1,0,18500,185.6711710896018,12.7,39.1,,,20675,16368,5000,4307,51.936,19.031,0.5704,6.734,,1.91,6.814,18.5,OpT-T-TT13,3131.960346789105,1.446701053029467,SAR/ISR
OpT,2110017,T-TT13,13,CRUISE,FLT-2,0,21500,233.3138787999885,72.6,283.8,,,20675,16368,5000,4307,58.239,20.78,0.6604,6.719,,1.93,6.755,18.5,OpT-T-TT13,4466.865033700149,0.0,SAR/ISR
OpT,2110017,T-TT13,14,D-17000,FLT-3,0,19500,255.3856847638692,2.3,10.2,,,19101,16368,5000,2733,64.067,22.517,0.8262,6.959,,1.82,6.982,17.1,OpT-T-TT13,5729.310413379957,-4.612399068124508,SAR/ISR
OpT,2110017,T-TT13,15,D-13000,FLT-3,0,15000,238.2625223232305,2.3,8.6,,,19101,16368,5000,2733,64.039,22.517,0.8262,6.959,,1.82,6.982,17.1,OpT-T-TT13,5790.422625519047,-4.377357621232535,SAR/ISR
OpT,2110017,T-TT13,16,D-5000,FLT-3,0,9000,216.5186289320216,4.7,16.6,,,19101,16368,5000,2733,63.911,22.465,0.8603,6.938,,1.75,6.965,17.1,OpT-T-TT13,5790.422625519047,-4.534926847182527,SAR/ISR
OpT,2110017,T-TT13,17,D-500,FLT-3,0,3000,197.5712076814429,2.7,9.0,,,19101,16368,5000,2733,63.854,22.465,0.8603,6.938,,1.75,6.965,17.1,OpT-T-TT13,5790.42262551905,-5.224181354502638,SAR/ISR
OpT,2110017,T-TT13,18,CRUISE,FLT-4,0,500,210.5372005702803,85.1,300.0,,,19101,16368,5000,2733,66.195,23.361,0.9818,7.264,,1.73,7.289,17.1,OpT-T-TT13,7080.749438853836,0.0,SAR/ISR
OpT,2110017,T-TT13,19,C-7500,FLT-1,0,4500,148.614179213972,4.6,10.5,,,19101,16368,5000,2733,64.398,22.607,0.9719,7.024,,1.74,7.046,17.1,OpT-T-TT13,3131.960346789104,5.372582293445005,SAR/ISR
OpT,2110017,T-TT13,20,C-15000,FLT-1,0,10500,164.2017243762202,5.6,16.6,,,19101,16368,5000,2733,48.402,18.932,0.5873,6.792,,1.82,6.877,17.1,OpT-T-TT13,3177.186625799207,5.098969194644893,SAR/ISR
OpT,2110017,T-TT13,21,C-24500,FLT-1,0,20500,190.6711904269323,15.7,50.2,,,19101,16368,5000,2733,48.998,18.554,0.5654,6.513,,1.88,6.581,17.1,OpT-T-TT13,3087.058270495923,1.502392232639572,SAR/ISR
OpT,2110017,T-TT13,22,CRUISE,FLT-2,0,24500,232.4751572093629,71.4,276.5,,,19101,16368,5000,2733,49.05,18.554,0.5654,6.513,,1.88,6.581,17.1,OpT-T-TT13,3995.636384659415,0.0,SAR/ISR
OpT,2110017,T-TT13,23,D-17000,FLT-3,0,21000,260.5873836058158,3.7,16.3,,,17605,16368,5000,1237,53.385,19.169,0.6036,6.214,,1.93,6.247,15.9,OpT-T-TT13,5668.522403957774,-4.618033989997465,SAR/ISR
OpT,2110017,T-TT13,24,D-13000,FLT-3,0,15000,238.2625223232305,2.0,8.0,,,17605,16368,5000,1237,58.473,20.387,0.7963,6.282,,1.87,6.3,15.9,OpT-T-TT13,5790.422625519047,-4.704237067623306,SAR/ISR
OpT,2110017,T-TT13,25,D-5000,FLT-3,0,9000,216.5186289320216,4.3,15.4,,,17605,16368,5000,1237,58.445,20.387,0.7963,6.282,,1.87,6.3,15.9,OpT-T-TT13,5790.422625519047,-4.886648037626543,SAR/ISR
OpT,2110017,T-TT13,26,D-1500,FLT-3,0,3000,197.5712076814429,2.0,6.5,,,17605,16368,5000,1237,58.327,20.324,0.8284,6.26,,1.8,6.282,15.9,OpT-T-TT13,5790.42262551905,-4.343815013010892,SAR/ISR
OpT,2110017,T-TT13,27,APPROACH,FLT-3,15,750,131.4381108911315,3.0,6.5,,,17605,16368,5000,1237,58.27,20.324,0.8284,6.26,,1.8,6.282,15.9,OpT-T-TT13,2739.512957959518,0.0,SAR/ISR
OpT,2110017,T-TT13,28,F/APPRO.,FLT-3,23,18,110.0289750153854,0.1,0.2,,,17605,16368,5000,1237,41.928,14.886,0.4298,4.963,3.36,1.87,4.991,15.9,OpT-T-TT13,1961.426437355633,0.0,SAR/ISR
OpT,2110017,T-TT22,7,C-500,FLT-1,10,250,142.5208006148656,1.5,2.9,,,19101,16368,5000,2733,48.118,19.862,0.5983,7.479,,1.8,7.586,17.1,OpT-T-TT22,3268.611791970161,1.625369471446298,Training
OpT,2110017,T-TT22,8,CRUISE,FLT-4,0,500,210.5372005702803,113.0,400.0,,,19101,16368,5000,2733,64.398,22.607,0.9719,7.024,,1.74,7.046,17.1,OpT-T-TT22,7080.749438853836,0.0,Training
OpT,2110017,T-TT22,9,APPROACH,FLT-3,15,250,131.4804569052634,3.0,6.5,,,17605,16368,5000,1237,41.928,14.886,0.4298,4.963,3.36,1.87,4.991,15.9,OpT-T-TT22,2781.821412517356,0.0,Training
OpT,2110017,T-TT22,10,F/APPRO.,FLT-3,23,18,110.0289750153854,0.1,0.2,,,17605,16368,5000,1237,41.919,14.886,0.4298,4.963,3.36,1.87,4.991,15.9,OpT-T-TT22,1961.426437355633,0.0,Training
OpT,2110017,T-TT231,9,C-500,FLT-1,10,250,142.5208006148656,1.5,2.9,,,20675,16368,5000,4307,50.025,19.915,0.5943,7.477,,1.84,7.599,18.5,OpT-T-TT231,3268.611791970161,1.625369471446298,Training
OpT,2110017,T-TT231,10,CRUISE,FLT-4,0,500,210.5372005702803,113.7,400.0,,,20675,16368,5000,4307,66.623,23.394,0.9689,7.287,,1.77,7.315,18.5,OpT-T-TT231,7080.749438853836,0.0,Training
OpT,2110017,T-TT231,11,CRUISE,FLT-4,0,500,210.5372005702803,113.0,400.0,,,19101,16368,5000,2733,64.398,22.607,0.9719,7.024,,1.74,7.046,17.1,OpT-T-TT231,7080.749438853836,0.0,Training
OpT,2110017,T-TT231,12,APPROACH,FLT-3,15,250,131.4804569052634,3.0,6.5,,,17605,16368,5000,1237,41.928,14.886,0.4298,4.963,3.36,1.87,4.991,15.9,OpT-T-TT231,2781.821412517356,0.0,Training
OpT,2110017,T-TT231,13,F/APPRO.,FLT-3,23,18,110.0289750153854,0.1,0.2,,,17605,16368,5000,1237,41.919,14.886,0.4298,4.963,3.36,1.87,4.991,15.9,OpT-T-TT231,1961.426437355633,0.0,Training
OpT,2110017,T-TT232,9,C-500,FLT-1,10,250,142.5208006148656,1.5,2.9,,,20675,16368,5000,4307,50.025,19.915,0.5943,7.477,,1.84,7.599,18.5,OpT-T-TT232,3268.611791970161,1.625369471446298,Training
OpT,2110017,T-TT232,10,CRUISE,FLT-4,0,500,210.5372005702803,113.7,400.0,,,20675,16368,5000,4307,66.623,23.394,0.9689,7.287,,1.77,7.315,18.5,OpT-T-TT232,7080.749438853836,0.0,Training
OpT,2110017,T-TT232,11,CRUISE,FLT-4,0,500,210.5372005702803,113.0,400.0,,,19101,16368,5000,2733,64.398,22.607,0.9719,7.024,,1.74,7.046,17.1,OpT-T-TT232,7080.749438853836,0.0,Training
OpT,2110017,T-TT232,12,APPROACH,FLT-3,15,250,131.4804569052634,3.0,6.5,,,17605,16368,5000,1237,41.928,14.886,0.4298,4.963,3.36,1.87,4.991,15.9,OpT-T-TT232,2781.821412517356,0.0,Training
OpT,2110017,T-TT232,13,F/APPRO.,FLT-3,23,18,110.0289750153854,0.1,0.2,,,17605,16368,5000,1237,41.919,14.886,0.4298,4.963,3.36,1.87,4.991,15.9,OpT-T-TT232,1961.426437355633,0.0,Training
